,iid,pid,wave,gender,match,attr3_1,sinc3_1,intel3_1,fun3_1,amb3_1,pf_o_att,pf_o_sin,pf_o_int,pf_o_fun,pf_o_amb,group
5744,379,397.0,15,0,0,6.0,9.0,8.0,6.0,9.0,20.0,21.0,21.0,22.0,6.0,3
5745,379,398.0,15,0,0,6.0,9.0,8.0,6.0,9.0,45.0,10.0,10.0,30.0,0.0,3
5746,379,399.0,15,0,0,6.0,9.0,8.0,6.0,9.0,25.0,10.0,20.0,20.0,10.0,3
5747,379,400.0,15,0,1,6.0,9.0,8.0,6.0,9.0,70.0,5.0,20.0,3.0,1.0,3
5748,379,401.0,15,0,0,6.0,9.0,8.0,6.0,9.0,35.0,0.0,25.0,20.0,0.0,3
5750,379,403.0,15,0,0,6.0,9.0,8.0,6.0,9.0,20.0,25.0,20.0,15.0,5.0,3
5751,379,404.0,15,0,0,6.0,9.0,8.0,6.0,9.0,25.0,14.0,25.0,25.0,3.0,3
5754,379,407.0,15,0,0,6.0,9.0,8.0,6.0,9.0,30.0,15.0,15.0,15.0,15.0,3
5756,379,409.0,15,0,0,6.0,9.0,8.0,6.0,9.0,20.0,15.0,20.0,20.0,10.0,3
5757,379,410.0,15,0,0,6.0,9.0,8.0,6.0,9.0,20.0,20.0,20.0,20.0,10.0,3
5758,379,411.0,15,0,0,6.0,9.0,8.0,6.0,9.0,35.0,15.0,15.0,25.0,10.0,3
5759,379,412.0,15,0,0,6.0,9.0,8.0,6.0,9.0,75.0,5.0,5.0,5.0,5.0,3
5760,379,413.0,15,0,0,6.0,9.0,8.0,6.0,9.0,10.0,10.0,30.0,30.0,5.0,3
5761,379,414.0,15,0,0,6.0,9.0,8.0,6.0,9.0,95.0,1.0,1.0,1.0,1.0,3
5762,379,415.0,15,0,0,6.0,9.0,8.0,6.0,9.0,10.0,20.0,40.0,10.0,10.0,3
5771,380,405.0,15,0,0,4.0,7.0,9.0,9.0,9.0,30.0,25.0,20.0,15.0,5.0,3
5782,381,397.0,15,0,0,7.0,7.0,9.0,10.0,8.0,20.0,21.0,21.0,22.0,6.0,3
5783,381,398.0,15,0,0,7.0,7.0,9.0,10.0,8.0,45.0,10.0,10.0,30.0,0.0,3
5784,381,399.0,15,0,0,7.0,7.0,9.0,10.0,8.0,25.0,10.0,20.0,20.0,10.0,3
5785,381,400.0,15,0,0,7.0,7.0,9.0,10.0,8.0,70.0,5.0,20.0,3.0,1.0,3
5786,381,401.0,15,0,0,7.0,7.0,9.0,10.0,8.0,35.0,0.0,25.0,20.0,0.0,3
5788,381,403.0,15,0,0,7.0,7.0,9.0,10.0,8.0,20.0,25.0,20.0,15.0,5.0,3
5789,381,404.0,15,0,0,7.0,7.0,9.0,10.0,8.0,25.0,14.0,25.0,25.0,3.0,3
5792,381,407.0,15,0,0,7.0,7.0,9.0,10.0,8.0,30.0,15.0,15.0,15.0,15.0,3
5794,381,409.0,15,0,1,7.0,7.0,9.0,10.0,8.0,20.0,15.0,20.0,20.0,10.0,3
5795,381,410.0,15,0,0,7.0,7.0,9.0,10.0,8.0,20.0,20.0,20.0,20.0,10.0,3
5796,381,411.0,15,0,0,7.0,7.0,9.0,10.0,8.0,35.0,15.0,15.0,25.0,10.0,3
5797,381,412.0,15,0,0,7.0,7.0,9.0,10.0,8.0,75.0,5.0,5.0,5.0,5.0,3
5798,381,413.0,15,0,0,7.0,7.0,9.0,10.0,8.0,10.0,10.0,30.0,30.0,5.0,3
5799,381,414.0,15,0,1,7.0,7.0,9.0,10.0,8.0,95.0,1.0,1.0,1.0,1.0,3
5800,381,415.0,15,0,0,7.0,7.0,9.0,10.0,8.0,10.0,20.0,40.0,10.0,10.0,3
5801,382,397.0,15,0,0,7.0,7.0,7.0,7.0,10.0,20.0,21.0,21.0,22.0,6.0,3
5802,382,398.0,15,0,0,7.0,7.0,7.0,7.0,10.0,45.0,10.0,10.0,30.0,0.0,3
5803,382,399.0,15,0,0,7.0,7.0,7.0,7.0,10.0,25.0,10.0,20.0,20.0,10.0,3
5804,382,400.0,15,0,0,7.0,7.0,7.0,7.0,10.0,70.0,5.0,20.0,3.0,1.0,3
5805,382,401.0,15,0,0,7.0,7.0,7.0,7.0,10.0,35.0,0.0,25.0,20.0,0.0,3
5807,382,403.0,15,0,0,7.0,7.0,7.0,7.0,10.0,20.0,25.0,20.0,15.0,5.0,3
5808,382,404.0,15,0,1,7.0,7.0,7.0,7.0,10.0,25.0,14.0,25.0,25.0,3.0,3
5811,382,407.0,15,0,0,7.0,7.0,7.0,7.0,10.0,30.0,15.0,15.0,15.0,15.0,3
5813,382,409.0,15,0,0,7.0,7.0,7.0,7.0,10.0,20.0,15.0,20.0,20.0,10.0,3
5814,382,410.0,15,0,0,7.0,7.0,7.0,7.0,10.0,20.0,20.0,20.0,20.0,10.0,3
5815,382,411.0,15,0,0,7.0,7.0,7.0,7.0,10.0,35.0,15.0,15.0,25.0,10.0,3
5816,382,412.0,15,0,0,7.0,7.0,7.0,7.0,10.0,75.0,5.0,5.0,5.0,5.0,3
5817,382,413.0,15,0,0,7.0,7.0,7.0,7.0,10.0,10.0,10.0,30.0,30.0,5.0,3
5818,382,414.0,15,0,1,7.0,7.0,7.0,7.0,10.0,95.0,1.0,1.0,1.0,1.0,3
5819,382,415.0,15,0,0,7.0,7.0,7.0,7.0,10.0,10.0,20.0,40.0,10.0,10.0,3
5820,383,397.0,15,0,1,7.0,9.0,6.0,7.0,6.0,20.0,21.0,21.0,22.0,6.0,3
5821,383,398.0,15,0,0,7.0,9.0,6.0,7.0,6.0,45.0,10.0,10.0,30.0,0.0,3
5822,383,399.0,15,0,0,7.0,9.0,6.0,7.0,6.0,25.0,10.0,20.0,20.0,10.0,3
5823,383,400.0,15,0,1,7.0,9.0,6.0,7.0,6.0,70.0,5.0,20.0,3.0,1.0,3
5824,383,401.0,15,0,0,7.0,9.0,6.0,7.0,6.0,35.0,0.0,25.0,20.0,0.0,3
5826,383,403.0,15,0,0,7.0,9.0,6.0,7.0,6.0,20.0,25.0,20.0,15.0,5.0,3
5827,383,404.0,15,0,1,7.0,9.0,6.0,7.0,6.0,25.0,14.0,25.0,25.0,3.0,3
5830,383,407.0,15,0,0,7.0,9.0,6.0,7.0,6.0,30.0,15.0,15.0,15.0,15.0,3
5832,383,409.0,15,0,0,7.0,9.0,6.0,7.0,6.0,20.0,15.0,20.0,20.0,10.0,3
5833,383,410.0,15,0,0,7.0,9.0,6.0,7.0,6.0,20.0,20.0,20.0,20.0,10.0,3
5834,383,411.0,15,0,0,7.0,9.0,6.0,7.0,6.0,35.0,15.0,15.0,25.0,10.0,3
5835,383,412.0,15,0,1,7.0,9.0,6.0,7.0,6.0,75.0,5.0,5.0,5.0,5.0,3
5836,383,413.0,15,0,0,7.0,9.0,6.0,7.0,6.0,10.0,10.0,30.0,30.0,5.0,3
5837,383,414.0,15,0,0,7.0,9.0,6.0,7.0,6.0,95.0,1.0,1.0,1.0,1.0,3
5838,383,415.0,15,0,0,7.0,9.0,6.0,7.0,6.0,10.0,20.0,40.0,10.0,10.0,3
5839,384,397.0,15,0,0,8.0,8.0,8.0,9.0,9.0,20.0,21.0,21.0,22.0,6.0,3
5840,384,398.0,15,0,1,8.0,8.0,8.0,9.0,9.0,45.0,10.0,10.0,30.0,0.0,3
5841,384,399.0,15,0,0,8.0,8.0,8.0,9.0,9.0,25.0,10.0,20.0,20.0,10.0,3
5842,384,400.0,15,0,1,8.0,8.0,8.0,9.0,9.0,70.0,5.0,20.0,3.0,1.0,3
5843,384,401.0,15,0,0,8.0,8.0,8.0,9.0,9.0,35.0,0.0,25.0,20.0,0.0,3
5845,384,403.0,15,0,0,8.0,8.0,8.0,9.0,9.0,20.0,25.0,20.0,15.0,5.0,3
5846,384,404.0,15,0,1,8.0,8.0,8.0,9.0,9.0,25.0,14.0,25.0,25.0,3.0,3
5849,384,407.0,15,0,1,8.0,8.0,8.0,9.0,9.0,30.0,15.0,15.0,15.0,15.0,3
5851,384,409.0,15,0,1,8.0,8.0,8.0,9.0,9.0,20.0,15.0,20.0,20.0,10.0,3
5852,384,410.0,15,0,0,8.0,8.0,8.0,9.0,9.0,20.0,20.0,20.0,20.0,10.0,3
5853,384,411.0,15,0,0,8.0,8.0,8.0,9.0,9.0,35.0,15.0,15.0,25.0,10.0,3
5854,384,412.0,15,0,1,8.0,8.0,8.0,9.0,9.0,75.0,5.0,5.0,5.0,5.0,3
5855,384,413.0,15,0,0,8.0,8.0,8.0,9.0,9.0,10.0,10.0,30.0,30.0,5.0,3
5856,384,414.0,15,0,1,8.0,8.0,8.0,9.0,9.0,95.0,1.0,1.0,1.0,1.0,3
5857,384,415.0,15,0,0,8.0,8.0,8.0,9.0,9.0,10.0,20.0,40.0,10.0,10.0,3
5858,385,397.0,15,0,0,8.0,8.0,8.0,6.0,6.0,20.0,21.0,21.0,22.0,6.0,3
5859,385,398.0,15,0,1,8.0,8.0,8.0,6.0,6.0,45.0,10.0,10.0,30.0,0.0,3
5860,385,399.0,15,0,0,8.0,8.0,8.0,6.0,6.0,25.0,10.0,20.0,20.0,10.0,3
5861,385,400.0,15,0,0,8.0,8.0,8.0,6.0,6.0,70.0,5.0,20.0,3.0,1.0,3
5862,385,401.0,15,0,0,8.0,8.0,8.0,6.0,6.0,35.0,0.0,25.0,20.0,0.0,3
5864,385,403.0,15,0,0,8.0,8.0,8.0,6.0,6.0,20.0,25.0,20.0,15.0,5.0,3
5865,385,404.0,15,0,1,8.0,8.0,8.0,6.0,6.0,25.0,14.0,25.0,25.0,3.0,3
5868,385,407.0,15,0,0,8.0,8.0,8.0,6.0,6.0,30.0,15.0,15.0,15.0,15.0,3
5870,385,409.0,15,0,1,8.0,8.0,8.0,6.0,6.0,20.0,15.0,20.0,20.0,10.0,3
5871,385,410.0,15,0,1,8.0,8.0,8.0,6.0,6.0,20.0,20.0,20.0,20.0,10.0,3
5872,385,411.0,15,0,0,8.0,8.0,8.0,6.0,6.0,35.0,15.0,15.0,25.0,10.0,3
5873,385,412.0,15,0,0,8.0,8.0,8.0,6.0,6.0,75.0,5.0,5.0,5.0,5.0,3
5874,385,413.0,15,0,0,8.0,8.0,8.0,6.0,6.0,10.0,10.0,30.0,30.0,5.0,3
5875,385,414.0,15,0,1,8.0,8.0,8.0,6.0,6.0,95.0,1.0,1.0,1.0,1.0,3
5876,385,415.0,15,0,0,8.0,8.0,8.0,6.0,6.0,10.0,20.0,40.0,10.0,10.0,3
5877,386,397.0,15,0,1,7.0,8.0,9.0,9.0,9.0,20.0,21.0,21.0,22.0,6.0,3
5878,386,398.0,15,0,0,7.0,8.0,9.0,9.0,9.0,45.0,10.0,10.0,30.0,0.0,3
5879,386,399.0,15,0,0,7.0,8.0,9.0,9.0,9.0,25.0,10.0,20.0,20.0,10.0,3
5880,386,400.0,15,0,0,7.0,8.0,9.0,9.0,9.0,70.0,5.0,20.0,3.0,1.0,3
5881,386,401.0,15,0,0,7.0,8.0,9.0,9.0,9.0,35.0,0.0,25.0,20.0,0.0,3
5883,386,403.0,15,0,0,7.0,8.0,9.0,9.0,9.0,20.0,25.0,20.0,15.0,5.0,3
5884,386,404.0,15,0,0,7.0,8.0,9.0,9.0,9.0,25.0,14.0,25.0,25.0,3.0,3
5887,386,407.0,15,0,0,7.0,8.0,9.0,9.0,9.0,30.0,15.0,15.0,15.0,15.0,3
5889,386,409.0,15,0,0,7.0,8.0,9.0,9.0,9.0,20.0,15.0,20.0,20.0,10.0,3
5890,386,410.0,15,0,0,7.0,8.0,9.0,9.0,9.0,20.0,20.0,20.0,20.0,10.0,3
5891,386,411.0,15,0,0,7.0,8.0,9.0,9.0,9.0,35.0,15.0,15.0,25.0,10.0,3
5892,386,412.0,15,0,1,7.0,8.0,9.0,9.0,9.0,75.0,5.0,5.0,5.0,5.0,3
5893,386,413.0,15,0,0,7.0,8.0,9.0,9.0,9.0,10.0,10.0,30.0,30.0,5.0,3
5894,386,414.0,15,0,0,7.0,8.0,9.0,9.0,9.0,95.0,1.0,1.0,1.0,1.0,3
5895,386,415.0,15,0,0,7.0,8.0,9.0,9.0,9.0,10.0,20.0,40.0,10.0,10.0,3
5896,387,397.0,15,0,0,8.0,8.0,8.0,8.0,8.0,20.0,21.0,21.0,22.0,6.0,3
5897,387,398.0,15,0,1,8.0,8.0,8.0,8.0,8.0,45.0,10.0,10.0,30.0,0.0,3
5898,387,399.0,15,0,0,8.0,8.0,8.0,8.0,8.0,25.0,10.0,20.0,20.0,10.0,3
5899,387,400.0,15,0,1,8.0,8.0,8.0,8.0,8.0,70.0,5.0,20.0,3.0,1.0,3
5900,387,401.0,15,0,0,8.0,8.0,8.0,8.0,8.0,35.0,0.0,25.0,20.0,0.0,3
5902,387,403.0,15,0,0,8.0,8.0,8.0,8.0,8.0,20.0,25.0,20.0,15.0,5.0,3
5903,387,404.0,15,0,1,8.0,8.0,8.0,8.0,8.0,25.0,14.0,25.0,25.0,3.0,3
5906,387,407.0,15,0,1,8.0,8.0,8.0,8.0,8.0,30.0,15.0,15.0,15.0,15.0,3
5908,387,409.0,15,0,0,8.0,8.0,8.0,8.0,8.0,20.0,15.0,20.0,20.0,10.0,3
5909,387,410.0,15,0,0,8.0,8.0,8.0,8.0,8.0,20.0,20.0,20.0,20.0,10.0,3
5910,387,411.0,15,0,1,8.0,8.0,8.0,8.0,8.0,35.0,15.0,15.0,25.0,10.0,3
5911,387,412.0,15,0,1,8.0,8.0,8.0,8.0,8.0,75.0,5.0,5.0,5.0,5.0,3
5912,387,413.0,15,0,0,8.0,8.0,8.0,8.0,8.0,10.0,10.0,30.0,30.0,5.0,3
5913,387,414.0,15,0,1,8.0,8.0,8.0,8.0,8.0,95.0,1.0,1.0,1.0,1.0,3
5914,387,415.0,15,0,0,8.0,8.0,8.0,8.0,8.0,10.0,20.0,40.0,10.0,10.0,3
5915,388,397.0,15,0,0,8.0,8.0,8.0,7.0,8.0,20.0,21.0,21.0,22.0,6.0,3
5916,388,398.0,15,0,0,8.0,8.0,8.0,7.0,8.0,45.0,10.0,10.0,30.0,0.0,3
5917,388,399.0,15,0,1,8.0,8.0,8.0,7.0,8.0,25.0,10.0,20.0,20.0,10.0,3
5918,388,400.0,15,0,0,8.0,8.0,8.0,7.0,8.0,70.0,5.0,20.0,3.0,1.0,3
5919,388,401.0,15,0,0,8.0,8.0,8.0,7.0,8.0,35.0,0.0,25.0,20.0,0.0,3
5921,388,403.0,15,0,0,8.0,8.0,8.0,7.0,8.0,20.0,25.0,20.0,15.0,5.0,3
5922,388,404.0,15,0,0,8.0,8.0,8.0,7.0,8.0,25.0,14.0,25.0,25.0,3.0,3
5925,388,407.0,15,0,0,8.0,8.0,8.0,7.0,8.0,30.0,15.0,15.0,15.0,15.0,3
5927,388,409.0,15,0,0,8.0,8.0,8.0,7.0,8.0,20.0,15.0,20.0,20.0,10.0,3
5928,388,410.0,15,0,0,8.0,8.0,8.0,7.0,8.0,20.0,20.0,20.0,20.0,10.0,3
5929,388,411.0,15,0,0,8.0,8.0,8.0,7.0,8.0,35.0,15.0,15.0,25.0,10.0,3
5930,388,412.0,15,0,0,8.0,8.0,8.0,7.0,8.0,75.0,5.0,5.0,5.0,5.0,3
5931,388,413.0,15,0,0,8.0,8.0,8.0,7.0,8.0,10.0,10.0,30.0,30.0,5.0,3
5932,388,414.0,15,0,0,8.0,8.0,8.0,7.0,8.0,95.0,1.0,1.0,1.0,1.0,3
5933,388,415.0,15,0,0,8.0,8.0,8.0,7.0,8.0,10.0,20.0,40.0,10.0,10.0,3
5934,389,397.0,15,0,0,8.0,10.0,7.0,9.0,5.0,20.0,21.0,21.0,22.0,6.0,3
5935,389,398.0,15,0,1,8.0,10.0,7.0,9.0,5.0,45.0,10.0,10.0,30.0,0.0,3
5936,389,399.0,15,0,0,8.0,10.0,7.0,9.0,5.0,25.0,10.0,20.0,20.0,10.0,3
5937,389,400.0,15,0,1,8.0,10.0,7.0,9.0,5.0,70.0,5.0,20.0,3.0,1.0,3
5938,389,401.0,15,0,1,8.0,10.0,7.0,9.0,5.0,35.0,0.0,25.0,20.0,0.0,3
5940,389,403.0,15,0,0,8.0,10.0,7.0,9.0,5.0,20.0,25.0,20.0,15.0,5.0,3
5941,389,404.0,15,0,1,8.0,10.0,7.0,9.0,5.0,25.0,14.0,25.0,25.0,3.0,3
5944,389,407.0,15,0,0,8.0,10.0,7.0,9.0,5.0,30.0,15.0,15.0,15.0,15.0,3
5946,389,409.0,15,0,1,8.0,10.0,7.0,9.0,5.0,20.0,15.0,20.0,20.0,10.0,3
5947,389,410.0,15,0,1,8.0,10.0,7.0,9.0,5.0,20.0,20.0,20.0,20.0,10.0,3
5948,389,411.0,15,0,0,8.0,10.0,7.0,9.0,5.0,35.0,15.0,15.0,25.0,10.0,3
5949,389,412.0,15,0,0,8.0,10.0,7.0,9.0,5.0,75.0,5.0,5.0,5.0,5.0,3
5950,389,413.0,15,0,1,8.0,10.0,7.0,9.0,5.0,10.0,10.0,30.0,30.0,5.0,3
5951,389,414.0,15,0,0,8.0,10.0,7.0,9.0,5.0,95.0,1.0,1.0,1.0,1.0,3
5952,389,415.0,15,0,0,8.0,10.0,7.0,9.0,5.0,10.0,20.0,40.0,10.0,10.0,3
5958,390,402.0,15,0,0,8.0,8.0,8.0,8.0,8.0,25.0,20.0,15.0,25.0,10.0,3
5962,390,406.0,15,0,0,8.0,8.0,8.0,8.0,8.0,20.0,20.0,20.0,20.0,20.0,3
5972,391,397.0,15,0,0,8.0,9.0,9.0,9.0,7.0,20.0,21.0,21.0,22.0,6.0,3
5973,391,398.0,15,0,0,8.0,9.0,9.0,9.0,7.0,45.0,10.0,10.0,30.0,0.0,3
5974,391,399.0,15,0,0,8.0,9.0,9.0,9.0,7.0,25.0,10.0,20.0,20.0,10.0,3
5975,391,400.0,15,0,0,8.0,9.0,9.0,9.0,7.0,70.0,5.0,20.0,3.0,1.0,3
5976,391,401.0,15,0,0,8.0,9.0,9.0,9.0,7.0,35.0,0.0,25.0,20.0,0.0,3
5978,391,403.0,15,0,0,8.0,9.0,9.0,9.0,7.0,20.0,25.0,20.0,15.0,5.0,3
5979,391,404.0,15,0,0,8.0,9.0,9.0,9.0,7.0,25.0,14.0,25.0,25.0,3.0,3
5982,391,407.0,15,0,0,8.0,9.0,9.0,9.0,7.0,30.0,15.0,15.0,15.0,15.0,3
5984,391,409.0,15,0,0,8.0,9.0,9.0,9.0,7.0,20.0,15.0,20.0,20.0,10.0,3
5985,391,410.0,15,0,1,8.0,9.0,9.0,9.0,7.0,20.0,20.0,20.0,20.0,10.0,3
5986,391,411.0,15,0,0,8.0,9.0,9.0,9.0,7.0,35.0,15.0,15.0,25.0,10.0,3
5987,391,412.0,15,0,0,8.0,9.0,9.0,9.0,7.0,75.0,5.0,5.0,5.0,5.0,3
5988,391,413.0,15,0,0,8.0,9.0,9.0,9.0,7.0,10.0,10.0,30.0,30.0,5.0,3
5989,391,414.0,15,0,0,8.0,9.0,9.0,9.0,7.0,95.0,1.0,1.0,1.0,1.0,3
5990,391,415.0,15,0,0,8.0,9.0,9.0,9.0,7.0,10.0,20.0,40.0,10.0,10.0,3
5991,392,397.0,15,0,0,4.0,7.0,8.0,7.0,7.0,20.0,21.0,21.0,22.0,6.0,3
5992,392,398.0,15,0,1,4.0,7.0,8.0,7.0,7.0,45.0,10.0,10.0,30.0,0.0,3
5993,392,399.0,15,0,0,4.0,7.0,8.0,7.0,7.0,25.0,10.0,20.0,20.0,10.0,3
5994,392,400.0,15,0,0,4.0,7.0,8.0,7.0,7.0,70.0,5.0,20.0,3.0,1.0,3
5995,392,401.0,15,0,0,4.0,7.0,8.0,7.0,7.0,35.0,0.0,25.0,20.0,0.0,3
5997,392,403.0,15,0,0,4.0,7.0,8.0,7.0,7.0,20.0,25.0,20.0,15.0,5.0,3
5998,392,404.0,15,0,1,4.0,7.0,8.0,7.0,7.0,25.0,14.0,25.0,25.0,3.0,3
6001,392,407.0,15,0,0,4.0,7.0,8.0,7.0,7.0,30.0,15.0,15.0,15.0,15.0,3
6003,392,409.0,15,0,0,4.0,7.0,8.0,7.0,7.0,20.0,15.0,20.0,20.0,10.0,3
6004,392,410.0,15,0,0,4.0,7.0,8.0,7.0,7.0,20.0,20.0,20.0,20.0,10.0,3
6005,392,411.0,15,0,0,4.0,7.0,8.0,7.0,7.0,35.0,15.0,15.0,25.0,10.0,3
6006,392,412.0,15,0,0,4.0,7.0,8.0,7.0,7.0,75.0,5.0,5.0,5.0,5.0,3
6007,392,413.0,15,0,0,4.0,7.0,8.0,7.0,7.0,10.0,10.0,30.0,30.0,5.0,3
6008,392,414.0,15,0,0,4.0,7.0,8.0,7.0,7.0,95.0,1.0,1.0,1.0,1.0,3
6009,392,415.0,15,0,0,4.0,7.0,8.0,7.0,7.0,10.0,20.0,40.0,10.0,10.0,3
6010,393,397.0,15,0,1,7.0,9.0,8.0,8.0,8.0,20.0,21.0,21.0,22.0,6.0,3
6011,393,398.0,15,0,1,7.0,9.0,8.0,8.0,8.0,45.0,10.0,10.0,30.0,0.0,3
6012,393,399.0,15,0,0,7.0,9.0,8.0,8.0,8.0,25.0,10.0,20.0,20.0,10.0,3
6013,393,400.0,15,0,0,7.0,9.0,8.0,8.0,8.0,70.0,5.0,20.0,3.0,1.0,3
6014,393,401.0,15,0,0,7.0,9.0,8.0,8.0,8.0,35.0,0.0,25.0,20.0,0.0,3
6016,393,403.0,15,0,1,7.0,9.0,8.0,8.0,8.0,20.0,25.0,20.0,15.0,5.0,3
6017,393,404.0,15,0,0,7.0,9.0,8.0,8.0,8.0,25.0,14.0,25.0,25.0,3.0,3
6020,393,407.0,15,0,0,7.0,9.0,8.0,8.0,8.0,30.0,15.0,15.0,15.0,15.0,3
6022,393,409.0,15,0,0,7.0,9.0,8.0,8.0,8.0,20.0,15.0,20.0,20.0,10.0,3
6023,393,410.0,15,0,0,7.0,9.0,8.0,8.0,8.0,20.0,20.0,20.0,20.0,10.0,3
6024,393,411.0,15,0,0,7.0,9.0,8.0,8.0,8.0,35.0,15.0,15.0,25.0,10.0,3
6025,393,412.0,15,0,0,7.0,9.0,8.0,8.0,8.0,75.0,5.0,5.0,5.0,5.0,3
6026,393,413.0,15,0,0,7.0,9.0,8.0,8.0,8.0,10.0,10.0,30.0,30.0,5.0,3
6027,393,414.0,15,0,1,7.0,9.0,8.0,8.0,8.0,95.0,1.0,1.0,1.0,1.0,3
6028,393,415.0,15,0,0,7.0,9.0,8.0,8.0,8.0,10.0,20.0,40.0,10.0,10.0,3
6029,394,397.0,15,0,0,9.0,8.0,7.0,7.0,7.0,20.0,21.0,21.0,22.0,6.0,3
6030,394,398.0,15,0,0,9.0,8.0,7.0,7.0,7.0,45.0,10.0,10.0,30.0,0.0,3
6031,394,399.0,15,0,0,9.0,8.0,7.0,7.0,7.0,25.0,10.0,20.0,20.0,10.0,3
6032,394,400.0,15,0,0,9.0,8.0,7.0,7.0,7.0,70.0,5.0,20.0,3.0,1.0,3
6033,394,401.0,15,0,0,9.0,8.0,7.0,7.0,7.0,35.0,0.0,25.0,20.0,0.0,3
6035,394,403.0,15,0,0,9.0,8.0,7.0,7.0,7.0,20.0,25.0,20.0,15.0,5.0,3
6036,394,404.0,15,0,1,9.0,8.0,7.0,7.0,7.0,25.0,14.0,25.0,25.0,3.0,3
6039,394,407.0,15,0,0,9.0,8.0,7.0,7.0,7.0,30.0,15.0,15.0,15.0,15.0,3
6041,394,409.0,15,0,0,9.0,8.0,7.0,7.0,7.0,20.0,15.0,20.0,20.0,10.0,3
6042,394,410.0,15,0,0,9.0,8.0,7.0,7.0,7.0,20.0,20.0,20.0,20.0,10.0,3
6043,394,411.0,15,0,0,9.0,8.0,7.0,7.0,7.0,35.0,15.0,15.0,25.0,10.0,3
6044,394,412.0,15,0,0,9.0,8.0,7.0,7.0,7.0,75.0,5.0,5.0,5.0,5.0,3
6045,394,413.0,15,0,0,9.0,8.0,7.0,7.0,7.0,10.0,10.0,30.0,30.0,5.0,3
6046,394,414.0,15,0,0,9.0,8.0,7.0,7.0,7.0,95.0,1.0,1.0,1.0,1.0,3
6047,394,415.0,15,0,0,9.0,8.0,7.0,7.0,7.0,10.0,20.0,40.0,10.0,10.0,3
6048,395,397.0,15,0,0,8.0,8.0,9.0,7.0,7.0,20.0,21.0,21.0,22.0,6.0,3
6049,395,398.0,15,0,0,8.0,8.0,9.0,7.0,7.0,45.0,10.0,10.0,30.0,0.0,3
6050,395,399.0,15,0,0,8.0,8.0,9.0,7.0,7.0,25.0,10.0,20.0,20.0,10.0,3
6051,395,400.0,15,0,1,8.0,8.0,9.0,7.0,7.0,70.0,5.0,20.0,3.0,1.0,3
6052,395,401.0,15,0,0,8.0,8.0,9.0,7.0,7.0,35.0,0.0,25.0,20.0,0.0,3
6054,395,403.0,15,0,0,8.0,8.0,9.0,7.0,7.0,20.0,25.0,20.0,15.0,5.0,3
6055,395,404.0,15,0,0,8.0,8.0,9.0,7.0,7.0,25.0,14.0,25.0,25.0,3.0,3
6058,395,407.0,15,0,0,8.0,8.0,9.0,7.0,7.0,30.0,15.0,15.0,15.0,15.0,3
6060,395,409.0,15,0,0,8.0,8.0,9.0,7.0,7.0,20.0,15.0,20.0,20.0,10.0,3
6061,395,410.0,15,0,0,8.0,8.0,9.0,7.0,7.0,20.0,20.0,20.0,20.0,10.0,3
6062,395,411.0,15,0,0,8.0,8.0,9.0,7.0,7.0,35.0,15.0,15.0,25.0,10.0,3
6063,395,412.0,15,0,0,8.0,8.0,9.0,7.0,7.0,75.0,5.0,5.0,5.0,5.0,3
6064,395,413.0,15,0,0,8.0,8.0,9.0,7.0,7.0,10.0,10.0,30.0,30.0,5.0,3
6065,395,414.0,15,0,0,8.0,8.0,9.0,7.0,7.0,95.0,1.0,1.0,1.0,1.0,3
6066,395,415.0,15,0,0,8.0,8.0,9.0,7.0,7.0,10.0,20.0,40.0,10.0,10.0,3
6072,396,402.0,15,0,0,8.0,10.0,10.0,10.0,8.0,25.0,20.0,15.0,25.0,10.0,3
6076,396,406.0,15,0,0,8.0,10.0,10.0,10.0,8.0,20.0,20.0,20.0,20.0,20.0,3
6086,397,379.0,15,1,0,7.0,7.0,10.0,7.0,9.0,15.0,15.0,20.0,15.0,15.0,3
6088,397,381.0,15,1,0,7.0,7.0,10.0,7.0,9.0,20.0,10.0,20.0,35.0,5.0,3
6089,397,382.0,15,1,0,7.0,7.0,10.0,7.0,9.0,25.0,25.0,25.0,10.0,10.0,3
6090,397,383.0,15,1,1,7.0,7.0,10.0,7.0,9.0,25.0,20.0,10.0,20.0,15.0,3
6091,397,384.0,15,1,0,7.0,7.0,10.0,7.0,9.0,20.0,20.0,20.0,20.0,20.0,3
6092,397,385.0,15,1,0,7.0,7.0,10.0,7.0,9.0,25.0,20.0,20.0,20.0,10.0,3
6093,397,386.0,15,1,1,7.0,7.0,10.0,7.0,9.0,15.0,10.0,30.0,10.0,15.0,3
6094,397,387.0,15,1,0,7.0,7.0,10.0,7.0,9.0,20.0,15.0,25.0,15.0,15.0,3
6095,397,388.0,15,1,0,7.0,7.0,10.0,7.0,9.0,22.0,17.0,15.0,15.0,15.0,3
6096,397,389.0,15,1,0,7.0,7.0,10.0,7.0,9.0,20.0,30.0,20.0,20.0,0.0,3
6098,397,391.0,15,1,0,7.0,7.0,10.0,7.0,9.0,35.0,0.0,35.0,10.0,10.0,3
6099,397,392.0,15,1,0,7.0,7.0,10.0,7.0,9.0,15.0,20.0,15.0,30.0,10.0,3
6100,397,393.0,15,1,1,7.0,7.0,10.0,7.0,9.0,8.0,20.0,25.0,25.0,12.0,3
6101,397,394.0,15,1,0,7.0,7.0,10.0,7.0,9.0,18.0,19.0,16.0,15.0,15.0,3
6102,397,395.0,15,1,0,7.0,7.0,10.0,7.0,9.0,20.0,20.0,20.0,10.0,10.0,3
6104,398,379.0,15,1,0,7.0,6.0,7.0,10.0,8.0,15.0,15.0,20.0,15.0,15.0,3
6106,398,381.0,15,1,0,7.0,6.0,7.0,10.0,8.0,20.0,10.0,20.0,35.0,5.0,3
6107,398,382.0,15,1,0,7.0,6.0,7.0,10.0,8.0,25.0,25.0,25.0,10.0,10.0,3
6108,398,383.0,15,1,0,7.0,6.0,7.0,10.0,8.0,25.0,20.0,10.0,20.0,15.0,3
6109,398,384.0,15,1,1,7.0,6.0,7.0,10.0,8.0,20.0,20.0,20.0,20.0,20.0,3
6110,398,385.0,15,1,1,7.0,6.0,7.0,10.0,8.0,25.0,20.0,20.0,20.0,10.0,3
6111,398,386.0,15,1,0,7.0,6.0,7.0,10.0,8.0,15.0,10.0,30.0,10.0,15.0,3
6112,398,387.0,15,1,1,7.0,6.0,7.0,10.0,8.0,20.0,15.0,25.0,15.0,15.0,3
6113,398,388.0,15,1,0,7.0,6.0,7.0,10.0,8.0,22.0,17.0,15.0,15.0,15.0,3
6114,398,389.0,15,1,1,7.0,6.0,7.0,10.0,8.0,20.0,30.0,20.0,20.0,0.0,3
6116,398,391.0,15,1,0,7.0,6.0,7.0,10.0,8.0,35.0,0.0,35.0,10.0,10.0,3
6117,398,392.0,15,1,1,7.0,6.0,7.0,10.0,8.0,15.0,20.0,15.0,30.0,10.0,3
6118,398,393.0,15,1,1,7.0,6.0,7.0,10.0,8.0,8.0,20.0,25.0,25.0,12.0,3
6119,398,394.0,15,1,0,7.0,6.0,7.0,10.0,8.0,18.0,19.0,16.0,15.0,15.0,3
6120,398,395.0,15,1,0,7.0,6.0,7.0,10.0,8.0,20.0,20.0,20.0,10.0,10.0,3
6122,399,379.0,15,1,0,9.0,9.0,9.0,9.0,9.0,15.0,15.0,20.0,15.0,15.0,3
6124,399,381.0,15,1,0,9.0,9.0,9.0,9.0,9.0,20.0,10.0,20.0,35.0,5.0,3
6125,399,382.0,15,1,0,9.0,9.0,9.0,9.0,9.0,25.0,25.0,25.0,10.0,10.0,3
6126,399,383.0,15,1,0,9.0,9.0,9.0,9.0,9.0,25.0,20.0,10.0,20.0,15.0,3
6127,399,384.0,15,1,0,9.0,9.0,9.0,9.0,9.0,20.0,20.0,20.0,20.0,20.0,3
6128,399,385.0,15,1,0,9.0,9.0,9.0,9.0,9.0,25.0,20.0,20.0,20.0,10.0,3
6129,399,386.0,15,1,0,9.0,9.0,9.0,9.0,9.0,15.0,10.0,30.0,10.0,15.0,3
6130,399,387.0,15,1,0,9.0,9.0,9.0,9.0,9.0,20.0,15.0,25.0,15.0,15.0,3
6131,399,388.0,15,1,1,9.0,9.0,9.0,9.0,9.0,22.0,17.0,15.0,15.0,15.0,3
6132,399,389.0,15,1,0,9.0,9.0,9.0,9.0,9.0,20.0,30.0,20.0,20.0,0.0,3
6134,399,391.0,15,1,0,9.0,9.0,9.0,9.0,9.0,35.0,0.0,35.0,10.0,10.0,3
6135,399,392.0,15,1,0,9.0,9.0,9.0,9.0,9.0,15.0,20.0,15.0,30.0,10.0,3
6136,399,393.0,15,1,0,9.0,9.0,9.0,9.0,9.0,8.0,20.0,25.0,25.0,12.0,3
6137,399,394.0,15,1,0,9.0,9.0,9.0,9.0,9.0,18.0,19.0,16.0,15.0,15.0,3
6138,399,395.0,15,1,0,9.0,9.0,9.0,9.0,9.0,20.0,20.0,20.0,10.0,10.0,3
6140,400,379.0,15,1,1,7.0,10.0,8.0,6.0,7.0,15.0,15.0,20.0,15.0,15.0,3
6142,400,381.0,15,1,0,7.0,10.0,8.0,6.0,7.0,20.0,10.0,20.0,35.0,5.0,3
6143,400,382.0,15,1,0,7.0,10.0,8.0,6.0,7.0,25.0,25.0,25.0,10.0,10.0,3
6144,400,383.0,15,1,1,7.0,10.0,8.0,6.0,7.0,25.0,20.0,10.0,20.0,15.0,3
6145,400,384.0,15,1,1,7.0,10.0,8.0,6.0,7.0,20.0,20.0,20.0,20.0,20.0,3
6146,400,385.0,15,1,0,7.0,10.0,8.0,6.0,7.0,25.0,20.0,20.0,20.0,10.0,3
6147,400,386.0,15,1,0,7.0,10.0,8.0,6.0,7.0,15.0,10.0,30.0,10.0,15.0,3
6148,400,387.0,15,1,1,7.0,10.0,8.0,6.0,7.0,20.0,15.0,25.0,15.0,15.0,3
6149,400,388.0,15,1,0,7.0,10.0,8.0,6.0,7.0,22.0,17.0,15.0,15.0,15.0,3
6150,400,389.0,15,1,1,7.0,10.0,8.0,6.0,7.0,20.0,30.0,20.0,20.0,0.0,3
6152,400,391.0,15,1,0,7.0,10.0,8.0,6.0,7.0,35.0,0.0,35.0,10.0,10.0,3
6153,400,392.0,15,1,0,7.0,10.0,8.0,6.0,7.0,15.0,20.0,15.0,30.0,10.0,3
6154,400,393.0,15,1,0,7.0,10.0,8.0,6.0,7.0,8.0,20.0,25.0,25.0,12.0,3
6155,400,394.0,15,1,0,7.0,10.0,8.0,6.0,7.0,18.0,19.0,16.0,15.0,15.0,3
6156,400,395.0,15,1,1,7.0,10.0,8.0,6.0,7.0,20.0,20.0,20.0,10.0,10.0,3
6158,401,379.0,15,1,0,8.0,5.0,10.0,7.0,5.0,15.0,15.0,20.0,15.0,15.0,3
6160,401,381.0,15,1,0,8.0,5.0,10.0,7.0,5.0,20.0,10.0,20.0,35.0,5.0,3
6161,401,382.0,15,1,0,8.0,5.0,10.0,7.0,5.0,25.0,25.0,25.0,10.0,10.0,3
6162,401,383.0,15,1,0,8.0,5.0,10.0,7.0,5.0,25.0,20.0,10.0,20.0,15.0,3
6163,401,384.0,15,1,0,8.0,5.0,10.0,7.0,5.0,20.0,20.0,20.0,20.0,20.0,3
6164,401,385.0,15,1,0,8.0,5.0,10.0,7.0,5.0,25.0,20.0,20.0,20.0,10.0,3
6165,401,386.0,15,1,0,8.0,5.0,10.0,7.0,5.0,15.0,10.0,30.0,10.0,15.0,3
6166,401,387.0,15,1,0,8.0,5.0,10.0,7.0,5.0,20.0,15.0,25.0,15.0,15.0,3
6167,401,388.0,15,1,0,8.0,5.0,10.0,7.0,5.0,22.0,17.0,15.0,15.0,15.0,3
6168,401,389.0,15,1,1,8.0,5.0,10.0,7.0,5.0,20.0,30.0,20.0,20.0,0.0,3
6170,401,391.0,15,1,0,8.0,5.0,10.0,7.0,5.0,35.0,0.0,35.0,10.0,10.0,3
6171,401,392.0,15,1,0,8.0,5.0,10.0,7.0,5.0,15.0,20.0,15.0,30.0,10.0,3
6172,401,393.0,15,1,0,8.0,5.0,10.0,7.0,5.0,8.0,20.0,25.0,25.0,12.0,3
6173,401,394.0,15,1,0,8.0,5.0,10.0,7.0,5.0,18.0,19.0,16.0,15.0,15.0,3
6174,401,395.0,15,1,0,8.0,5.0,10.0,7.0,5.0,20.0,20.0,20.0,10.0,10.0,3
6187,402,390.0,15,1,0,6.0,8.0,10.0,7.0,9.0,10.0,20.0,20.0,10.0,10.0,3
6193,402,396.0,15,1,0,6.0,8.0,10.0,7.0,9.0,15.0,18.0,18.0,18.0,15.0,3
6194,403,379.0,15,1,0,4.0,8.0,9.0,7.0,9.0,15.0,15.0,20.0,15.0,15.0,3
6196,403,381.0,15,1,0,4.0,8.0,9.0,7.0,9.0,20.0,10.0,20.0,35.0,5.0,3
6197,403,382.0,15,1,0,4.0,8.0,9.0,7.0,9.0,25.0,25.0,25.0,10.0,10.0,3
6198,403,383.0,15,1,0,4.0,8.0,9.0,7.0,9.0,25.0,20.0,10.0,20.0,15.0,3
6199,403,384.0,15,1,0,4.0,8.0,9.0,7.0,9.0,20.0,20.0,20.0,20.0,20.0,3
6200,403,385.0,15,1,0,4.0,8.0,9.0,7.0,9.0,25.0,20.0,20.0,20.0,10.0,3
6201,403,386.0,15,1,0,4.0,8.0,9.0,7.0,9.0,15.0,10.0,30.0,10.0,15.0,3
6202,403,387.0,15,1,0,4.0,8.0,9.0,7.0,9.0,20.0,15.0,25.0,15.0,15.0,3
6203,403,388.0,15,1,0,4.0,8.0,9.0,7.0,9.0,22.0,17.0,15.0,15.0,15.0,3
6204,403,389.0,15,1,0,4.0,8.0,9.0,7.0,9.0,20.0,30.0,20.0,20.0,0.0,3
6206,403,391.0,15,1,0,4.0,8.0,9.0,7.0,9.0,35.0,0.0,35.0,10.0,10.0,3
6207,403,392.0,15,1,0,4.0,8.0,9.0,7.0,9.0,15.0,20.0,15.0,30.0,10.0,3
6208,403,393.0,15,1,1,4.0,8.0,9.0,7.0,9.0,8.0,20.0,25.0,25.0,12.0,3
6209,403,394.0,15,1,0,4.0,8.0,9.0,7.0,9.0,18.0,19.0,16.0,15.0,15.0,3
6210,403,395.0,15,1,0,4.0,8.0,9.0,7.0,9.0,20.0,20.0,20.0,10.0,10.0,3
6212,404,379.0,15,1,0,6.0,9.0,8.0,7.0,8.0,15.0,15.0,20.0,15.0,15.0,3
6214,404,381.0,15,1,0,6.0,9.0,8.0,7.0,8.0,20.0,10.0,20.0,35.0,5.0,3
6215,404,382.0,15,1,1,6.0,9.0,8.0,7.0,8.0,25.0,25.0,25.0,10.0,10.0,3
6216,404,383.0,15,1,1,6.0,9.0,8.0,7.0,8.0,25.0,20.0,10.0,20.0,15.0,3
6217,404,384.0,15,1,1,6.0,9.0,8.0,7.0,8.0,20.0,20.0,20.0,20.0,20.0,3
6218,404,385.0,15,1,1,6.0,9.0,8.0,7.0,8.0,25.0,20.0,20.0,20.0,10.0,3
6219,404,386.0,15,1,0,6.0,9.0,8.0,7.0,8.0,15.0,10.0,30.0,10.0,15.0,3
6220,404,387.0,15,1,1,6.0,9.0,8.0,7.0,8.0,20.0,15.0,25.0,15.0,15.0,3
6221,404,388.0,15,1,0,6.0,9.0,8.0,7.0,8.0,22.0,17.0,15.0,15.0,15.0,3
6222,404,389.0,15,1,1,6.0,9.0,8.0,7.0,8.0,20.0,30.0,20.0,20.0,0.0,3
6224,404,391.0,15,1,0,6.0,9.0,8.0,7.0,8.0,35.0,0.0,35.0,10.0,10.0,3
6225,404,392.0,15,1,1,6.0,9.0,8.0,7.0,8.0,15.0,20.0,15.0,30.0,10.0,3
6226,404,393.0,15,1,0,6.0,9.0,8.0,7.0,8.0,8.0,20.0,25.0,25.0,12.0,3
6227,404,394.0,15,1,1,6.0,9.0,8.0,7.0,8.0,18.0,19.0,16.0,15.0,15.0,3
6228,404,395.0,15,1,0,6.0,9.0,8.0,7.0,8.0,20.0,20.0,20.0,10.0,10.0,3
6231,405,380.0,15,1,0,8.0,8.0,9.0,10.0,10.0,20.0,20.0,20.0,15.0,15.0,3
6259,406,390.0,15,1,0,6.0,7.0,8.0,8.0,9.0,10.0,20.0,20.0,10.0,10.0,3
6265,406,396.0,15,1,0,6.0,7.0,8.0,8.0,9.0,15.0,18.0,18.0,18.0,15.0,3
6266,407,379.0,15,1,0,7.0,9.0,7.0,8.0,8.0,15.0,15.0,20.0,15.0,15.0,3
6268,407,381.0,15,1,0,7.0,9.0,7.0,8.0,8.0,20.0,10.0,20.0,35.0,5.0,3
6269,407,382.0,15,1,0,7.0,9.0,7.0,8.0,8.0,25.0,25.0,25.0,10.0,10.0,3
6270,407,383.0,15,1,0,7.0,9.0,7.0,8.0,8.0,25.0,20.0,10.0,20.0,15.0,3
6271,407,384.0,15,1,1,7.0,9.0,7.0,8.0,8.0,20.0,20.0,20.0,20.0,20.0,3
6272,407,385.0,15,1,0,7.0,9.0,7.0,8.0,8.0,25.0,20.0,20.0,20.0,10.0,3
6273,407,386.0,15,1,0,7.0,9.0,7.0,8.0,8.0,15.0,10.0,30.0,10.0,15.0,3
6274,407,387.0,15,1,1,7.0,9.0,7.0,8.0,8.0,20.0,15.0,25.0,15.0,15.0,3
6275,407,388.0,15,1,0,7.0,9.0,7.0,8.0,8.0,22.0,17.0,15.0,15.0,15.0,3
6276,407,389.0,15,1,0,7.0,9.0,7.0,8.0,8.0,20.0,30.0,20.0,20.0,0.0,3
6278,407,391.0,15,1,0,7.0,9.0,7.0,8.0,8.0,35.0,0.0,35.0,10.0,10.0,3
6279,407,392.0,15,1,0,7.0,9.0,7.0,8.0,8.0,15.0,20.0,15.0,30.0,10.0,3
6280,407,393.0,15,1,0,7.0,9.0,7.0,8.0,8.0,8.0,20.0,25.0,25.0,12.0,3
6281,407,394.0,15,1,0,7.0,9.0,7.0,8.0,8.0,18.0,19.0,16.0,15.0,15.0,3
6282,407,395.0,15,1,0,7.0,9.0,7.0,8.0,8.0,20.0,20.0,20.0,10.0,10.0,3
6302,409,379.0,15,1,0,7.0,9.0,9.0,8.0,8.0,15.0,15.0,20.0,15.0,15.0,3
6304,409,381.0,15,1,1,7.0,9.0,9.0,8.0,8.0,20.0,10.0,20.0,35.0,5.0,3
6305,409,382.0,15,1,0,7.0,9.0,9.0,8.0,8.0,25.0,25.0,25.0,10.0,10.0,3
6306,409,383.0,15,1,0,7.0,9.0,9.0,8.0,8.0,25.0,20.0,10.0,20.0,15.0,3
6307,409,384.0,15,1,1,7.0,9.0,9.0,8.0,8.0,20.0,20.0,20.0,20.0,20.0,3
6308,409,385.0,15,1,1,7.0,9.0,9.0,8.0,8.0,25.0,20.0,20.0,20.0,10.0,3
6309,409,386.0,15,1,0,7.0,9.0,9.0,8.0,8.0,15.0,10.0,30.0,10.0,15.0,3
6310,409,387.0,15,1,0,7.0,9.0,9.0,8.0,8.0,20.0,15.0,25.0,15.0,15.0,3
6311,409,388.0,15,1,0,7.0,9.0,9.0,8.0,8.0,22.0,17.0,15.0,15.0,15.0,3
6312,409,389.0,15,1,1,7.0,9.0,9.0,8.0,8.0,20.0,30.0,20.0,20.0,0.0,3
6314,409,391.0,15,1,0,7.0,9.0,9.0,8.0,8.0,35.0,0.0,35.0,10.0,10.0,3
6315,409,392.0,15,1,0,7.0,9.0,9.0,8.0,8.0,15.0,20.0,15.0,30.0,10.0,3
6316,409,393.0,15,1,0,7.0,9.0,9.0,8.0,8.0,8.0,20.0,25.0,25.0,12.0,3
6317,409,394.0,15,1,0,7.0,9.0,9.0,8.0,8.0,18.0,19.0,16.0,15.0,15.0,3
6318,409,395.0,15,1,0,7.0,9.0,9.0,8.0,8.0,20.0,20.0,20.0,10.0,10.0,3
6320,410,379.0,15,1,0,7.0,10.0,10.0,6.0,10.0,15.0,15.0,20.0,15.0,15.0,3
6322,410,381.0,15,1,0,7.0,10.0,10.0,6.0,10.0,20.0,10.0,20.0,35.0,5.0,3
6323,410,382.0,15,1,0,7.0,10.0,10.0,6.0,10.0,25.0,25.0,25.0,10.0,10.0,3
6324,410,383.0,15,1,0,7.0,10.0,10.0,6.0,10.0,25.0,20.0,10.0,20.0,15.0,3
6325,410,384.0,15,1,0,7.0,10.0,10.0,6.0,10.0,20.0,20.0,20.0,20.0,20.0,3
6326,410,385.0,15,1,1,7.0,10.0,10.0,6.0,10.0,25.0,20.0,20.0,20.0,10.0,3
6327,410,386.0,15,1,0,7.0,10.0,10.0,6.0,10.0,15.0,10.0,30.0,10.0,15.0,3
6328,410,387.0,15,1,0,7.0,10.0,10.0,6.0,10.0,20.0,15.0,25.0,15.0,15.0,3
6329,410,388.0,15,1,0,7.0,10.0,10.0,6.0,10.0,22.0,17.0,15.0,15.0,15.0,3
6330,410,389.0,15,1,1,7.0,10.0,10.0,6.0,10.0,20.0,30.0,20.0,20.0,0.0,3
6332,410,391.0,15,1,1,7.0,10.0,10.0,6.0,10.0,35.0,0.0,35.0,10.0,10.0,3
6333,410,392.0,15,1,0,7.0,10.0,10.0,6.0,10.0,15.0,20.0,15.0,30.0,10.0,3
6334,410,393.0,15,1,0,7.0,10.0,10.0,6.0,10.0,8.0,20.0,25.0,25.0,12.0,3
6335,410,394.0,15,1,0,7.0,10.0,10.0,6.0,10.0,18.0,19.0,16.0,15.0,15.0,3
6336,410,395.0,15,1,0,7.0,10.0,10.0,6.0,10.0,20.0,20.0,20.0,10.0,10.0,3
6338,411,379.0,15,1,0,8.0,6.0,7.0,9.0,5.0,15.0,15.0,20.0,15.0,15.0,3
6340,411,381.0,15,1,0,8.0,6.0,7.0,9.0,5.0,20.0,10.0,20.0,35.0,5.0,3
6341,411,382.0,15,1,0,8.0,6.0,7.0,9.0,5.0,25.0,25.0,25.0,10.0,10.0,3
6342,411,383.0,15,1,0,8.0,6.0,7.0,9.0,5.0,25.0,20.0,10.0,20.0,15.0,3
6343,411,384.0,15,1,0,8.0,6.0,7.0,9.0,5.0,20.0,20.0,20.0,20.0,20.0,3
6344,411,385.0,15,1,0,8.0,6.0,7.0,9.0,5.0,25.0,20.0,20.0,20.0,10.0,3
6345,411,386.0,15,1,0,8.0,6.0,7.0,9.0,5.0,15.0,10.0,30.0,10.0,15.0,3
6346,411,387.0,15,1,1,8.0,6.0,7.0,9.0,5.0,20.0,15.0,25.0,15.0,15.0,3
6347,411,388.0,15,1,0,8.0,6.0,7.0,9.0,5.0,22.0,17.0,15.0,15.0,15.0,3
6348,411,389.0,15,1,0,8.0,6.0,7.0,9.0,5.0,20.0,30.0,20.0,20.0,0.0,3
6350,411,391.0,15,1,0,8.0,6.0,7.0,9.0,5.0,35.0,0.0,35.0,10.0,10.0,3
6351,411,392.0,15,1,0,8.0,6.0,7.0,9.0,5.0,15.0,20.0,15.0,30.0,10.0,3
6352,411,393.0,15,1,0,8.0,6.0,7.0,9.0,5.0,8.0,20.0,25.0,25.0,12.0,3
6353,411,394.0,15,1,0,8.0,6.0,7.0,9.0,5.0,18.0,19.0,16.0,15.0,15.0,3
6354,411,395.0,15,1,0,8.0,6.0,7.0,9.0,5.0,20.0,20.0,20.0,10.0,10.0,3
6356,412,379.0,15,1,0,7.0,7.0,8.0,8.0,8.0,15.0,15.0,20.0,15.0,15.0,3
6358,412,381.0,15,1,0,7.0,7.0,8.0,8.0,8.0,20.0,10.0,20.0,35.0,5.0,3
6359,412,382.0,15,1,0,7.0,7.0,8.0,8.0,8.0,25.0,25.0,25.0,10.0,10.0,3
6360,412,383.0,15,1,1,7.0,7.0,8.0,8.0,8.0,25.0,20.0,10.0,20.0,15.0,3
6361,412,384.0,15,1,1,7.0,7.0,8.0,8.0,8.0,20.0,20.0,20.0,20.0,20.0,3
6362,412,385.0,15,1,0,7.0,7.0,8.0,8.0,8.0,25.0,20.0,20.0,20.0,10.0,3
6363,412,386.0,15,1,1,7.0,7.0,8.0,8.0,8.0,15.0,10.0,30.0,10.0,15.0,3
6364,412,387.0,15,1,1,7.0,7.0,8.0,8.0,8.0,20.0,15.0,25.0,15.0,15.0,3
6365,412,388.0,15,1,0,7.0,7.0,8.0,8.0,8.0,22.0,17.0,15.0,15.0,15.0,3
6366,412,389.0,15,1,0,7.0,7.0,8.0,8.0,8.0,20.0,30.0,20.0,20.0,0.0,3
6368,412,391.0,15,1,0,7.0,7.0,8.0,8.0,8.0,35.0,0.0,35.0,10.0,10.0,3
6369,412,392.0,15,1,0,7.0,7.0,8.0,8.0,8.0,15.0,20.0,15.0,30.0,10.0,3
6370,412,393.0,15,1,0,7.0,7.0,8.0,8.0,8.0,8.0,20.0,25.0,25.0,12.0,3
6371,412,394.0,15,1,0,7.0,7.0,8.0,8.0,8.0,18.0,19.0,16.0,15.0,15.0,3
6372,412,395.0,15,1,0,7.0,7.0,8.0,8.0,8.0,20.0,20.0,20.0,10.0,10.0,3
6374,413,379.0,15,1,0,7.0,9.0,8.0,7.0,6.0,15.0,15.0,20.0,15.0,15.0,3
6376,413,381.0,15,1,0,7.0,9.0,8.0,7.0,6.0,20.0,10.0,20.0,35.0,5.0,3
6377,413,382.0,15,1,0,7.0,9.0,8.0,7.0,6.0,25.0,25.0,25.0,10.0,10.0,3
6378,413,383.0,15,1,0,7.0,9.0,8.0,7.0,6.0,25.0,20.0,10.0,20.0,15.0,3
6379,413,384.0,15,1,0,7.0,9.0,8.0,7.0,6.0,20.0,20.0,20.0,20.0,20.0,3
6380,413,385.0,15,1,0,7.0,9.0,8.0,7.0,6.0,25.0,20.0,20.0,20.0,10.0,3
6381,413,386.0,15,1,0,7.0,9.0,8.0,7.0,6.0,15.0,10.0,30.0,10.0,15.0,3
6382,413,387.0,15,1,0,7.0,9.0,8.0,7.0,6.0,20.0,15.0,25.0,15.0,15.0,3
6383,413,388.0,15,1,0,7.0,9.0,8.0,7.0,6.0,22.0,17.0,15.0,15.0,15.0,3
6384,413,389.0,15,1,1,7.0,9.0,8.0,7.0,6.0,20.0,30.0,20.0,20.0,0.0,3
6386,413,391.0,15,1,0,7.0,9.0,8.0,7.0,6.0,35.0,0.0,35.0,10.0,10.0,3
6387,413,392.0,15,1,0,7.0,9.0,8.0,7.0,6.0,15.0,20.0,15.0,30.0,10.0,3
6388,413,393.0,15,1,0,7.0,9.0,8.0,7.0,6.0,8.0,20.0,25.0,25.0,12.0,3
6389,413,394.0,15,1,0,7.0,9.0,8.0,7.0,6.0,18.0,19.0,16.0,15.0,15.0,3
6390,413,395.0,15,1,0,7.0,9.0,8.0,7.0,6.0,20.0,20.0,20.0,10.0,10.0,3
6410,415,379.0,15,1,0,7.0,8.0,10.0,4.0,8.0,15.0,15.0,20.0,15.0,15.0,3
6412,415,381.0,15,1,0,7.0,8.0,10.0,4.0,8.0,20.0,10.0,20.0,35.0,5.0,3
6413,415,382.0,15,1,0,7.0,8.0,10.0,4.0,8.0,25.0,25.0,25.0,10.0,10.0,3
6414,415,383.0,15,1,0,7.0,8.0,10.0,4.0,8.0,25.0,20.0,10.0,20.0,15.0,3
6415,415,384.0,15,1,0,7.0,8.0,10.0,4.0,8.0,20.0,20.0,20.0,20.0,20.0,3
6416,415,385.0,15,1,0,7.0,8.0,10.0,4.0,8.0,25.0,20.0,20.0,20.0,10.0,3
6417,415,386.0,15,1,0,7.0,8.0,10.0,4.0,8.0,15.0,10.0,30.0,10.0,15.0,3
6418,415,387.0,15,1,0,7.0,8.0,10.0,4.0,8.0,20.0,15.0,25.0,15.0,15.0,3
6419,415,388.0,15,1,0,7.0,8.0,10.0,4.0,8.0,22.0,17.0,15.0,15.0,15.0,3
6420,415,389.0,15,1,0,7.0,8.0,10.0,4.0,8.0,20.0,30.0,20.0,20.0,0.0,3
6422,415,391.0,15,1,0,7.0,8.0,10.0,4.0,8.0,35.0,0.0,35.0,10.0,10.0,3
6423,415,392.0,15,1,0,7.0,8.0,10.0,4.0,8.0,15.0,20.0,15.0,30.0,10.0,3
6424,415,393.0,15,1,0,7.0,8.0,10.0,4.0,8.0,8.0,20.0,25.0,25.0,12.0,3
6425,415,394.0,15,1,0,7.0,8.0,10.0,4.0,8.0,18.0,19.0,16.0,15.0,15.0,3
6426,415,395.0,15,1,0,7.0,8.0,10.0,4.0,8.0,20.0,20.0,20.0,10.0,10.0,3
6436,417,422.0,16,0,1,7.0,8.0,8.0,4.0,8.0,30.0,25.0,20.0,10.0,10.0,3
6437,417,423.0,16,0,0,7.0,8.0,8.0,4.0,8.0,30.0,20.0,30.0,10.0,5.0,3
6439,417,425.0,16,0,0,7.0,8.0,8.0,4.0,8.0,16.0,25.0,20.0,12.0,12.0,3
6440,417,426.0,16,0,0,7.0,8.0,8.0,4.0,8.0,25.0,7.0,35.0,20.0,8.0,3
6441,417,427.0,16,0,0,7.0,8.0,8.0,4.0,8.0,20.0,20.0,20.0,20.0,20.0,3
6443,417,429.0,16,0,0,7.0,8.0,8.0,4.0,8.0,55.0,10.0,15.0,15.0,5.0,3
6446,418,424.0,16,0,0,7.0,9.0,8.0,7.0,5.0,17.0,16.0,17.0,17.0,17.0,3
6450,418,428.0,16,0,0,7.0,9.0,8.0,7.0,5.0,60.0,10.0,10.0,10.0,10.0,3
6452,419,422.0,16,0,1,9.0,8.0,9.0,5.0,3.0,30.0,25.0,20.0,10.0,10.0,3
6453,419,423.0,16,0,0,9.0,8.0,9.0,5.0,3.0,30.0,20.0,30.0,10.0,5.0,3
6455,419,425.0,16,0,0,9.0,8.0,9.0,5.0,3.0,16.0,25.0,20.0,12.0,12.0,3
6456,419,426.0,16,0,0,9.0,8.0,9.0,5.0,3.0,25.0,7.0,35.0,20.0,8.0,3
6457,419,427.0,16,0,0,9.0,8.0,9.0,5.0,3.0,20.0,20.0,20.0,20.0,20.0,3
6459,419,429.0,16,0,0,9.0,8.0,9.0,5.0,3.0,55.0,10.0,15.0,15.0,5.0,3
6460,420,422.0,16,0,1,8.0,9.0,10.0,7.0,7.0,30.0,25.0,20.0,10.0,10.0,3
6461,420,423.0,16,0,0,8.0,9.0,10.0,7.0,7.0,30.0,20.0,30.0,10.0,5.0,3
6463,420,425.0,16,0,0,8.0,9.0,10.0,7.0,7.0,16.0,25.0,20.0,12.0,12.0,3
6464,420,426.0,16,0,0,8.0,9.0,10.0,7.0,7.0,25.0,7.0,35.0,20.0,8.0,3
6465,420,427.0,16,0,0,8.0,9.0,10.0,7.0,7.0,20.0,20.0,20.0,20.0,20.0,3
6467,420,429.0,16,0,0,8.0,9.0,10.0,7.0,7.0,55.0,10.0,15.0,15.0,5.0,3
6470,421,424.0,16,0,0,7.0,7.0,6.0,6.0,6.0,17.0,16.0,17.0,17.0,17.0,3
6474,421,428.0,16,0,1,7.0,7.0,6.0,6.0,6.0,60.0,10.0,10.0,10.0,10.0,3
6477,422,417.0,16,1,1,8.0,10.0,8.0,8.0,8.0,20.0,20.0,20.0,10.0,10.0,3
6479,422,419.0,16,1,1,8.0,10.0,8.0,8.0,8.0,5.0,30.0,20.0,10.0,5.0,3
6480,422,420.0,16,1,1,8.0,10.0,8.0,8.0,8.0,10.0,10.0,40.0,10.0,15.0,3
6483,423,417.0,16,1,0,7.0,9.0,9.0,8.0,9.0,20.0,20.0,20.0,10.0,10.0,3
6485,423,419.0,16,1,0,7.0,9.0,9.0,8.0,9.0,5.0,30.0,20.0,10.0,5.0,3
6486,423,420.0,16,1,0,7.0,9.0,9.0,8.0,9.0,10.0,10.0,40.0,10.0,15.0,3
6490,424,418.0,16,1,0,7.0,7.0,7.0,7.0,7.0,15.0,25.0,20.0,15.0,10.0,3
6493,424,421.0,16,1,0,7.0,7.0,7.0,7.0,7.0,20.0,10.0,30.0,20.0,10.0,3
6495,425,417.0,16,1,0,6.0,9.0,9.0,6.0,9.0,20.0,20.0,20.0,10.0,10.0,3
6497,425,419.0,16,1,0,6.0,9.0,9.0,6.0,9.0,5.0,30.0,20.0,10.0,5.0,3
6498,425,420.0,16,1,0,6.0,9.0,9.0,6.0,9.0,10.0,10.0,40.0,10.0,15.0,3
6501,426,417.0,16,1,0,8.0,8.0,10.0,8.0,9.0,20.0,20.0,20.0,10.0,10.0,3
6503,426,419.0,16,1,0,8.0,8.0,10.0,8.0,9.0,5.0,30.0,20.0,10.0,5.0,3
6504,426,420.0,16,1,0,8.0,8.0,10.0,8.0,9.0,10.0,10.0,40.0,10.0,15.0,3
6507,427,417.0,16,1,0,7.0,10.0,7.0,8.0,9.0,20.0,20.0,20.0,10.0,10.0,3
6509,427,419.0,16,1,0,7.0,10.0,7.0,8.0,9.0,5.0,30.0,20.0,10.0,5.0,3
6510,427,420.0,16,1,0,7.0,10.0,7.0,8.0,9.0,10.0,10.0,40.0,10.0,15.0,3
6514,428,418.0,16,1,0,8.0,8.0,9.0,7.0,9.0,15.0,25.0,20.0,15.0,10.0,3
6517,428,421.0,16,1,1,8.0,8.0,9.0,7.0,9.0,20.0,10.0,30.0,20.0,10.0,3
6519,429,417.0,16,1,0,8.0,8.0,9.0,9.0,8.0,20.0,20.0,20.0,10.0,10.0,3
6521,429,419.0,16,1,0,8.0,8.0,9.0,9.0,8.0,5.0,30.0,20.0,10.0,5.0,3
6522,429,420.0,16,1,0,8.0,8.0,9.0,9.0,8.0,10.0,10.0,40.0,10.0,15.0,3
6531,430,447.0,17,0,0,5.0,8.0,5.0,8.0,8.0,15.0,30.0,25.0,20.0,0.0,3
6535,430,451.0,17,0,0,5.0,8.0,5.0,8.0,8.0,20.0,40.0,5.0,20.0,5.0,3
6536,430,452.0,17,0,0,5.0,8.0,5.0,8.0,8.0,35.0,30.0,25.0,5.0,0.0,3
6537,430,453.0,17,0,0,5.0,8.0,5.0,8.0,8.0,30.0,30.0,30.0,5.0,0.0,3
6545,431,447.0,17,0,0,7.0,10.0,9.0,7.0,10.0,15.0,30.0,25.0,20.0,0.0,3
6549,431,451.0,17,0,0,7.0,10.0,9.0,7.0,10.0,20.0,40.0,5.0,20.0,5.0,3
6550,431,452.0,17,0,0,7.0,10.0,9.0,7.0,10.0,35.0,30.0,25.0,5.0,0.0,3
6551,431,453.0,17,0,0,7.0,10.0,9.0,7.0,10.0,30.0,30.0,30.0,5.0,0.0,3
6552,432,440.0,17,0,0,7.0,8.0,8.0,8.0,8.0,35.0,5.0,30.0,20.0,5.0,3
6553,432,441.0,17,0,0,7.0,8.0,8.0,8.0,8.0,35.0,10.0,25.0,20.0,5.0,3
6554,432,442.0,17,0,1,7.0,8.0,8.0,8.0,8.0,40.0,10.0,0.0,45.0,0.0,3
6556,432,444.0,17,0,0,7.0,8.0,8.0,8.0,8.0,50.0,10.0,10.0,30.0,0.0,3
6557,432,445.0,17,0,1,7.0,8.0,8.0,8.0,8.0,40.0,12.0,18.0,12.0,6.0,3
6560,432,448.0,17,0,0,7.0,8.0,8.0,8.0,8.0,25.0,15.0,25.0,25.0,5.0,3
6562,432,450.0,17,0,1,7.0,8.0,8.0,8.0,8.0,50.0,5.0,5.0,5.0,5.0,3
6575,433,449.0,17,0,0,8.0,6.0,8.0,7.0,5.0,55.0,2.0,1.0,40.0,1.0,3
6580,434,440.0,17,0,0,7.0,7.0,6.0,8.0,4.0,35.0,5.0,30.0,20.0,5.0,3
6581,434,441.0,17,0,0,7.0,7.0,6.0,8.0,4.0,35.0,10.0,25.0,20.0,5.0,3
6582,434,442.0,17,0,0,7.0,7.0,6.0,8.0,4.0,40.0,10.0,0.0,45.0,0.0,3
6584,434,444.0,17,0,0,7.0,7.0,6.0,8.0,4.0,50.0,10.0,10.0,30.0,0.0,3
6585,434,445.0,17,0,0,7.0,7.0,6.0,8.0,4.0,40.0,12.0,18.0,12.0,6.0,3
6588,434,448.0,17,0,0,7.0,7.0,6.0,8.0,4.0,25.0,15.0,25.0,25.0,5.0,3
6590,434,450.0,17,0,0,7.0,7.0,6.0,8.0,4.0,50.0,5.0,5.0,5.0,5.0,3
6608,436,440.0,17,0,0,9.0,8.0,7.0,10.0,6.0,35.0,5.0,30.0,20.0,5.0,3
6609,436,441.0,17,0,0,9.0,8.0,7.0,10.0,6.0,35.0,10.0,25.0,20.0,5.0,3
6610,436,442.0,17,0,0,9.0,8.0,7.0,10.0,6.0,40.0,10.0,0.0,45.0,0.0,3
6612,436,444.0,17,0,0,9.0,8.0,7.0,10.0,6.0,50.0,10.0,10.0,30.0,0.0,3
6613,436,445.0,17,0,0,9.0,8.0,7.0,10.0,6.0,40.0,12.0,18.0,12.0,6.0,3
6616,436,448.0,17,0,1,9.0,8.0,7.0,10.0,6.0,25.0,15.0,25.0,25.0,5.0,3
6618,436,450.0,17,0,0,9.0,8.0,7.0,10.0,6.0,50.0,5.0,5.0,5.0,5.0,3
6622,437,440.0,17,0,0,7.0,9.0,9.0,9.0,8.0,35.0,5.0,30.0,20.0,5.0,3
6623,437,441.0,17,0,1,7.0,9.0,9.0,9.0,8.0,35.0,10.0,25.0,20.0,5.0,3
6624,437,442.0,17,0,1,7.0,9.0,9.0,9.0,8.0,40.0,10.0,0.0,45.0,0.0,3
6626,437,444.0,17,0,0,7.0,9.0,9.0,9.0,8.0,50.0,10.0,10.0,30.0,0.0,3
6627,437,445.0,17,0,0,7.0,9.0,9.0,9.0,8.0,40.0,12.0,18.0,12.0,6.0,3
6630,437,448.0,17,0,1,7.0,9.0,9.0,9.0,8.0,25.0,15.0,25.0,25.0,5.0,3
6632,437,450.0,17,0,0,7.0,9.0,9.0,9.0,8.0,50.0,5.0,5.0,5.0,5.0,3
6636,438,440.0,17,0,0,7.0,8.0,7.0,7.0,7.0,35.0,5.0,30.0,20.0,5.0,3
6637,438,441.0,17,0,0,7.0,8.0,7.0,7.0,7.0,35.0,10.0,25.0,20.0,5.0,3
6638,438,442.0,17,0,0,7.0,8.0,7.0,7.0,7.0,40.0,10.0,0.0,45.0,0.0,3
6640,438,444.0,17,0,0,7.0,8.0,7.0,7.0,7.0,50.0,10.0,10.0,30.0,0.0,3
6641,438,445.0,17,0,0,7.0,8.0,7.0,7.0,7.0,40.0,12.0,18.0,12.0,6.0,3
6644,438,448.0,17,0,0,7.0,8.0,7.0,7.0,7.0,25.0,15.0,25.0,25.0,5.0,3
6646,438,450.0,17,0,1,7.0,8.0,7.0,7.0,7.0,50.0,5.0,5.0,5.0,5.0,3
6650,439,440.0,17,0,0,8.0,8.0,7.0,7.0,7.0,35.0,5.0,30.0,20.0,5.0,3
6651,439,441.0,17,0,0,8.0,8.0,7.0,7.0,7.0,35.0,10.0,25.0,20.0,5.0,3
6652,439,442.0,17,0,0,8.0,8.0,7.0,7.0,7.0,40.0,10.0,0.0,45.0,0.0,3
6654,439,444.0,17,0,0,8.0,8.0,7.0,7.0,7.0,50.0,10.0,10.0,30.0,0.0,3
6655,439,445.0,17,0,1,8.0,8.0,7.0,7.0,7.0,40.0,12.0,18.0,12.0,6.0,3
6658,439,448.0,17,0,1,8.0,8.0,7.0,7.0,7.0,25.0,15.0,25.0,25.0,5.0,3
6660,439,450.0,17,0,0,8.0,8.0,7.0,7.0,7.0,50.0,5.0,5.0,5.0,5.0,3
6666,440,432.0,17,1,0,8.0,8.0,9.0,9.0,9.0,15.0,30.0,30.0,10.0,10.0,3
6668,440,434.0,17,1,0,8.0,8.0,9.0,9.0,9.0,30.0,15.0,15.0,30.0,0.0,3
6670,440,436.0,17,1,0,8.0,8.0,9.0,9.0,9.0,28.0,8.0,17.0,22.0,17.0,3
6671,440,437.0,17,1,0,8.0,8.0,9.0,9.0,9.0,15.0,15.0,18.0,18.0,14.0,3
6672,440,438.0,17,1,0,8.0,8.0,9.0,9.0,9.0,14.0,15.0,16.0,17.0,18.0,3
6673,440,439.0,17,1,0,8.0,8.0,9.0,9.0,9.0,20.0,10.0,50.0,5.0,10.0,3
6676,441,432.0,17,1,0,8.0,7.0,9.0,8.0,8.0,15.0,30.0,30.0,10.0,10.0,3
6678,441,434.0,17,1,0,8.0,7.0,9.0,8.0,8.0,30.0,15.0,15.0,30.0,0.0,3
6680,441,436.0,17,1,0,8.0,7.0,9.0,8.0,8.0,28.0,8.0,17.0,22.0,17.0,3
6681,441,437.0,17,1,1,8.0,7.0,9.0,8.0,8.0,15.0,15.0,18.0,18.0,14.0,3
6682,441,438.0,17,1,0,8.0,7.0,9.0,8.0,8.0,14.0,15.0,16.0,17.0,18.0,3
6683,441,439.0,17,1,0,8.0,7.0,9.0,8.0,8.0,20.0,10.0,50.0,5.0,10.0,3
6686,442,432.0,17,1,1,7.0,9.0,8.0,8.0,9.0,15.0,30.0,30.0,10.0,10.0,3
6688,442,434.0,17,1,0,7.0,9.0,8.0,8.0,9.0,30.0,15.0,15.0,30.0,0.0,3
6690,442,436.0,17,1,0,7.0,9.0,8.0,8.0,9.0,28.0,8.0,17.0,22.0,17.0,3
6691,442,437.0,17,1,1,7.0,9.0,8.0,8.0,9.0,15.0,15.0,18.0,18.0,14.0,3
6692,442,438.0,17,1,0,7.0,9.0,8.0,8.0,9.0,14.0,15.0,16.0,17.0,18.0,3
6693,442,439.0,17,1,0,7.0,9.0,8.0,8.0,9.0,20.0,10.0,50.0,5.0,10.0,3
6706,444,432.0,17,1,0,8.0,7.0,8.0,9.0,7.0,15.0,30.0,30.0,10.0,10.0,3
6708,444,434.0,17,1,0,8.0,7.0,8.0,9.0,7.0,30.0,15.0,15.0,30.0,0.0,3
6710,444,436.0,17,1,0,8.0,7.0,8.0,9.0,7.0,28.0,8.0,17.0,22.0,17.0,3
6711,444,437.0,17,1,0,8.0,7.0,8.0,9.0,7.0,15.0,15.0,18.0,18.0,14.0,3
6712,444,438.0,17,1,0,8.0,7.0,8.0,9.0,7.0,14.0,15.0,16.0,17.0,18.0,3
6713,444,439.0,17,1,0,8.0,7.0,8.0,9.0,7.0,20.0,10.0,50.0,5.0,10.0,3
6716,445,432.0,17,1,1,9.0,8.0,10.0,7.0,7.0,15.0,30.0,30.0,10.0,10.0,3
6718,445,434.0,17,1,0,9.0,8.0,10.0,7.0,7.0,30.0,15.0,15.0,30.0,0.0,3
6720,445,436.0,17,1,0,9.0,8.0,10.0,7.0,7.0,28.0,8.0,17.0,22.0,17.0,3
6721,445,437.0,17,1,0,9.0,8.0,10.0,7.0,7.0,15.0,15.0,18.0,18.0,14.0,3
6722,445,438.0,17,1,0,9.0,8.0,10.0,7.0,7.0,14.0,15.0,16.0,17.0,18.0,3
6723,445,439.0,17,1,1,9.0,8.0,10.0,7.0,7.0,20.0,10.0,50.0,5.0,10.0,3
6734,447,430.0,17,1,0,6.0,10.0,7.0,6.0,4.0,10.0,25.0,15.0,20.0,15.0,3
6735,447,431.0,17,1,0,6.0,10.0,7.0,6.0,4.0,15.0,15.0,25.0,15.0,15.0,3
6746,448,432.0,17,1,0,8.0,9.0,9.0,8.0,10.0,15.0,30.0,30.0,10.0,10.0,3
6748,448,434.0,17,1,0,8.0,9.0,9.0,8.0,10.0,30.0,15.0,15.0,30.0,0.0,3
6750,448,436.0,17,1,1,8.0,9.0,9.0,8.0,10.0,28.0,8.0,17.0,22.0,17.0,3
6751,448,437.0,17,1,1,8.0,9.0,9.0,8.0,10.0,15.0,15.0,18.0,18.0,14.0,3
6752,448,438.0,17,1,0,8.0,9.0,9.0,8.0,10.0,14.0,15.0,16.0,17.0,18.0,3
6753,448,439.0,17,1,1,8.0,9.0,9.0,8.0,10.0,20.0,10.0,50.0,5.0,10.0,3
6757,449,433.0,17,1,0,7.0,10.0,10.0,10.0,8.0,20.0,20.0,20.0,20.0,10.0,3
6766,450,432.0,17,1,1,9.0,6.0,10.0,7.0,10.0,15.0,30.0,30.0,10.0,10.0,3
6768,450,434.0,17,1,0,9.0,6.0,10.0,7.0,10.0,30.0,15.0,15.0,30.0,0.0,3
6770,450,436.0,17,1,0,9.0,6.0,10.0,7.0,10.0,28.0,8.0,17.0,22.0,17.0,3
6771,450,437.0,17,1,0,9.0,6.0,10.0,7.0,10.0,15.0,15.0,18.0,18.0,14.0,3
6772,450,438.0,17,1,1,9.0,6.0,10.0,7.0,10.0,14.0,15.0,16.0,17.0,18.0,3
6773,450,439.0,17,1,0,9.0,6.0,10.0,7.0,10.0,20.0,10.0,50.0,5.0,10.0,3
6774,451,430.0,17,1,0,2.0,4.0,4.0,4.0,4.0,10.0,25.0,15.0,20.0,15.0,3
6775,451,431.0,17,1,0,2.0,4.0,4.0,4.0,4.0,15.0,15.0,25.0,15.0,15.0,3
6784,452,430.0,17,1,0,7.0,8.0,10.0,7.0,8.0,10.0,25.0,15.0,20.0,15.0,3
6785,452,431.0,17,1,0,7.0,8.0,10.0,7.0,8.0,15.0,15.0,25.0,15.0,15.0,3
6794,453,430.0,17,1,0,5.0,6.0,8.0,7.0,5.0,10.0,25.0,15.0,20.0,15.0,3
6795,453,431.0,17,1,0,5.0,6.0,8.0,7.0,5.0,15.0,15.0,25.0,15.0,15.0,3
6804,454,460.0,18,0,0,8.0,9.0,9.0,9.0,7.0,20.0,10.0,20.0,15.0,15.0,3
6809,454,465.0,18,0,0,8.0,9.0,9.0,9.0,7.0,20.0,20.0,20.0,20.0,20.0,3
6812,455,462.0,18,0,0,7.0,9.0,8.0,9.0,8.0,30.0,30.0,10.0,10.0,0.0,3
6813,455,463.0,18,0,0,7.0,9.0,8.0,9.0,8.0,15.0,15.0,15.0,15.0,15.0,3
6814,455,464.0,18,0,0,7.0,9.0,8.0,9.0,8.0,15.0,15.0,15.0,20.0,15.0,3
6818,456,462.0,18,0,0,8.0,8.0,7.0,6.0,7.0,30.0,30.0,10.0,10.0,0.0,3
6819,456,463.0,18,0,0,8.0,8.0,7.0,6.0,7.0,15.0,15.0,15.0,15.0,15.0,3
6820,456,464.0,18,0,0,8.0,8.0,7.0,6.0,7.0,15.0,15.0,15.0,20.0,15.0,3
6824,457,462.0,18,0,0,7.0,6.0,8.0,7.0,3.0,30.0,30.0,10.0,10.0,0.0,3
6825,457,463.0,18,0,0,7.0,6.0,8.0,7.0,3.0,15.0,15.0,15.0,15.0,15.0,3
6826,457,464.0,18,0,0,7.0,6.0,8.0,7.0,3.0,15.0,15.0,15.0,20.0,15.0,3
6830,458,462.0,18,0,1,10.0,10.0,10.0,9.0,10.0,30.0,30.0,10.0,10.0,0.0,3
6831,458,463.0,18,0,0,10.0,10.0,10.0,9.0,10.0,15.0,15.0,15.0,15.0,15.0,3
6832,458,464.0,18,0,1,10.0,10.0,10.0,9.0,10.0,15.0,15.0,15.0,20.0,15.0,3
6836,459,462.0,18,0,0,5.0,5.0,5.0,5.0,8.0,30.0,30.0,10.0,10.0,0.0,3
6837,459,463.0,18,0,0,5.0,5.0,5.0,5.0,8.0,15.0,15.0,15.0,15.0,15.0,3
6838,459,464.0,18,0,0,5.0,5.0,5.0,5.0,8.0,15.0,15.0,15.0,20.0,15.0,3
6840,460,454.0,18,1,0,8.0,8.0,9.0,7.0,7.0,10.0,20.0,20.0,20.0,10.0,3
6853,462,455.0,18,1,0,4.0,9.0,8.0,6.0,2.0,10.0,25.0,20.0,16.0,20.0,3
6854,462,456.0,18,1,0,4.0,9.0,8.0,6.0,2.0,25.0,20.0,15.0,10.0,15.0,3
6855,462,457.0,18,1,0,4.0,9.0,8.0,6.0,2.0,25.0,0.0,25.0,25.0,0.0,3
6856,462,458.0,18,1,1,4.0,9.0,8.0,6.0,2.0,50.0,5.0,25.0,20.0,0.0,3
6857,462,459.0,18,1,0,4.0,9.0,8.0,6.0,2.0,30.0,10.0,10.0,30.0,10.0,3
6859,463,455.0,18,1,0,6.0,7.0,8.0,7.0,7.0,10.0,25.0,20.0,16.0,20.0,3
6860,463,456.0,18,1,0,6.0,7.0,8.0,7.0,7.0,25.0,20.0,15.0,10.0,15.0,3
6861,463,457.0,18,1,0,6.0,7.0,8.0,7.0,7.0,25.0,0.0,25.0,25.0,0.0,3
6862,463,458.0,18,1,0,6.0,7.0,8.0,7.0,7.0,50.0,5.0,25.0,20.0,0.0,3
6863,463,459.0,18,1,0,6.0,7.0,8.0,7.0,7.0,30.0,10.0,10.0,30.0,10.0,3
6865,464,455.0,18,1,0,5.0,8.0,9.0,8.0,10.0,10.0,25.0,20.0,16.0,20.0,3
6866,464,456.0,18,1,0,5.0,8.0,9.0,8.0,10.0,25.0,20.0,15.0,10.0,15.0,3
6867,464,457.0,18,1,0,5.0,8.0,9.0,8.0,10.0,25.0,0.0,25.0,25.0,0.0,3
6868,464,458.0,18,1,1,5.0,8.0,9.0,8.0,10.0,50.0,5.0,25.0,20.0,0.0,3
6869,464,459.0,18,1,0,5.0,8.0,9.0,8.0,10.0,30.0,10.0,10.0,30.0,10.0,3
6870,465,454.0,18,1,0,7.0,10.0,7.0,8.0,5.0,10.0,20.0,20.0,20.0,10.0,3
6876,466,481.0,19,0,0,7.0,9.0,8.0,7.0,8.0,25.0,20.0,15.0,20.0,5.0,3
6877,466,482.0,19,0,0,7.0,9.0,8.0,7.0,8.0,20.0,10.0,22.0,20.0,15.0,3
6878,466,483.0,19,0,0,7.0,9.0,8.0,7.0,8.0,40.0,20.0,20.0,20.0,0.0,3
6884,466,489.0,19,0,0,7.0,9.0,8.0,7.0,8.0,20.0,10.0,20.0,20.0,20.0,3
6885,466,490.0,19,0,0,7.0,9.0,8.0,7.0,8.0,30.0,15.0,20.0,10.0,10.0,3
6889,466,494.0,19,0,0,7.0,9.0,8.0,7.0,8.0,25.0,25.0,25.0,25.0,0.0,3
6891,467,481.0,19,0,1,8.0,8.0,8.0,8.0,8.0,25.0,20.0,15.0,20.0,5.0,3
6892,467,482.0,19,0,1,8.0,8.0,8.0,8.0,8.0,20.0,10.0,22.0,20.0,15.0,3
6893,467,483.0,19,0,0,8.0,8.0,8.0,8.0,8.0,40.0,20.0,20.0,20.0,0.0,3
6899,467,489.0,19,0,1,8.0,8.0,8.0,8.0,8.0,20.0,10.0,20.0,20.0,20.0,3
6900,467,490.0,19,0,1,8.0,8.0,8.0,8.0,8.0,30.0,15.0,20.0,10.0,10.0,3
6904,467,494.0,19,0,0,8.0,8.0,8.0,8.0,8.0,25.0,25.0,25.0,25.0,0.0,3
6917,468,492.0,19,0,1,8.0,9.0,8.0,6.0,8.0,30.0,0.0,30.0,30.0,10.0,3
6920,468,495.0,19,0,0,8.0,9.0,8.0,6.0,8.0,20.0,20.0,20.0,15.0,15.0,3
6924,469,484.0,19,0,0,8.0,8.0,6.0,8.0,6.0,16.0,16.0,20.0,16.0,16.0,3
6927,469,487.0,19,0,0,8.0,8.0,6.0,8.0,6.0,25.0,26.0,15.0,10.0,9.0,3
6928,469,488.0,19,0,0,8.0,8.0,6.0,8.0,6.0,15.0,20.0,20.0,20.0,5.0,3
6933,469,493.0,19,0,1,8.0,8.0,6.0,8.0,6.0,30.0,10.0,10.0,30.0,10.0,3
6939,470,484.0,19,0,0,4.0,9.0,8.0,5.0,6.0,16.0,16.0,20.0,16.0,16.0,3
6942,470,487.0,19,0,0,4.0,9.0,8.0,5.0,6.0,25.0,26.0,15.0,10.0,9.0,3
6943,470,488.0,19,0,1,4.0,9.0,8.0,5.0,6.0,15.0,20.0,20.0,20.0,5.0,3
6948,470,493.0,19,0,0,4.0,9.0,8.0,5.0,6.0,30.0,10.0,10.0,30.0,10.0,3
6954,471,484.0,19,0,0,7.0,8.0,9.0,8.0,9.0,16.0,16.0,20.0,16.0,16.0,3
6957,471,487.0,19,0,0,7.0,8.0,9.0,8.0,9.0,25.0,26.0,15.0,10.0,9.0,3
6958,471,488.0,19,0,0,7.0,8.0,9.0,8.0,9.0,15.0,20.0,20.0,20.0,5.0,3
6963,471,493.0,19,0,0,7.0,8.0,9.0,8.0,9.0,30.0,10.0,10.0,30.0,10.0,3
6971,472,486.0,19,0,0,8.0,10.0,8.0,10.0,9.0,20.0,20.0,20.0,15.0,10.0,3
6976,472,491.0,19,0,0,8.0,10.0,8.0,10.0,9.0,30.0,10.0,25.0,20.0,8.0,3
6984,473,484.0,19,0,1,7.0,9.0,10.0,8.0,7.0,16.0,16.0,20.0,16.0,16.0,3
6987,473,487.0,19,0,0,7.0,9.0,10.0,8.0,7.0,25.0,26.0,15.0,10.0,9.0,3
6988,473,488.0,19,0,0,7.0,9.0,10.0,8.0,7.0,15.0,20.0,20.0,20.0,5.0,3
6993,473,493.0,19,0,0,7.0,9.0,10.0,8.0,7.0,30.0,10.0,10.0,30.0,10.0,3
7000,474,485.0,19,0,0,9.0,9.0,8.0,10.0,7.0,20.0,15.0,20.0,15.0,15.0,3
7016,475,486.0,19,0,0,5.0,8.0,7.0,5.0,7.0,20.0,20.0,20.0,15.0,10.0,3
7021,475,491.0,19,0,0,5.0,8.0,7.0,5.0,7.0,30.0,10.0,25.0,20.0,8.0,3
7026,476,481.0,19,0,0,7.0,9.0,7.0,5.0,6.0,25.0,20.0,15.0,20.0,5.0,3
7027,476,482.0,19,0,0,7.0,9.0,7.0,5.0,6.0,20.0,10.0,22.0,20.0,15.0,3
7028,476,483.0,19,0,0,7.0,9.0,7.0,5.0,6.0,40.0,20.0,20.0,20.0,0.0,3
7034,476,489.0,19,0,0,7.0,9.0,7.0,5.0,6.0,20.0,10.0,20.0,20.0,20.0,3
7035,476,490.0,19,0,0,7.0,9.0,7.0,5.0,6.0,30.0,15.0,20.0,10.0,10.0,3
7039,476,494.0,19,0,0,7.0,9.0,7.0,5.0,6.0,25.0,25.0,25.0,25.0,0.0,3
7046,477,486.0,19,0,0,6.0,8.0,7.0,7.0,7.0,20.0,20.0,20.0,15.0,10.0,3
7051,477,491.0,19,0,0,6.0,8.0,7.0,7.0,7.0,30.0,10.0,25.0,20.0,8.0,3
7056,478,481.0,19,0,0,7.0,8.0,8.0,9.0,7.0,25.0,20.0,15.0,20.0,5.0,3
7057,478,482.0,19,0,0,7.0,8.0,8.0,9.0,7.0,20.0,10.0,22.0,20.0,15.0,3
7058,478,483.0,19,0,0,7.0,8.0,8.0,9.0,7.0,40.0,20.0,20.0,20.0,0.0,3
7064,478,489.0,19,0,1,7.0,8.0,8.0,9.0,7.0,20.0,10.0,20.0,20.0,20.0,3
7065,478,490.0,19,0,0,7.0,8.0,8.0,9.0,7.0,30.0,15.0,20.0,10.0,10.0,3
7069,478,494.0,19,0,0,7.0,8.0,8.0,9.0,7.0,25.0,25.0,25.0,25.0,0.0,3
7071,479,481.0,19,0,0,8.0,8.0,8.0,8.0,8.0,25.0,20.0,15.0,20.0,5.0,3
7072,479,482.0,19,0,0,8.0,8.0,8.0,8.0,8.0,20.0,10.0,22.0,20.0,15.0,3
7073,479,483.0,19,0,0,8.0,8.0,8.0,8.0,8.0,40.0,20.0,20.0,20.0,0.0,3
7079,479,489.0,19,0,0,8.0,8.0,8.0,8.0,8.0,20.0,10.0,20.0,20.0,20.0,3
7080,479,490.0,19,0,0,8.0,8.0,8.0,8.0,8.0,30.0,15.0,20.0,10.0,10.0,3
7084,479,494.0,19,0,0,8.0,8.0,8.0,8.0,8.0,25.0,25.0,25.0,25.0,0.0,3
7086,480,481.0,19,0,0,8.0,9.0,8.0,10.0,7.0,25.0,20.0,15.0,20.0,5.0,3
7087,480,482.0,19,0,0,8.0,9.0,8.0,10.0,7.0,20.0,10.0,22.0,20.0,15.0,3
7088,480,483.0,19,0,0,8.0,9.0,8.0,10.0,7.0,40.0,20.0,20.0,20.0,0.0,3
7094,480,489.0,19,0,1,8.0,9.0,8.0,10.0,7.0,20.0,10.0,20.0,20.0,20.0,3
7095,480,490.0,19,0,0,8.0,9.0,8.0,10.0,7.0,30.0,15.0,20.0,10.0,10.0,3
7099,480,494.0,19,0,0,8.0,9.0,8.0,10.0,7.0,25.0,25.0,25.0,25.0,0.0,3
7101,481,466.0,19,1,0,8.0,7.0,9.0,8.0,5.0,10.0,20.0,20.0,15.0,20.0,3
7102,481,467.0,19,1,1,8.0,7.0,9.0,8.0,5.0,20.0,20.0,20.0,20.0,20.0,3
7111,481,476.0,19,1,0,8.0,7.0,9.0,8.0,5.0,20.0,20.0,20.0,15.0,15.0,3
7113,481,478.0,19,1,0,8.0,7.0,9.0,8.0,5.0,20.0,20.0,10.0,20.0,10.0,3
7114,481,479.0,19,1,0,8.0,7.0,9.0,8.0,5.0,15.0,15.0,20.0,20.0,15.0,3
7115,481,480.0,19,1,0,8.0,7.0,9.0,8.0,5.0,16.0,18.0,18.0,20.0,12.0,3
7116,482,466.0,19,1,0,7.0,10.0,8.0,9.0,8.0,10.0,20.0,20.0,15.0,20.0,3
7117,482,467.0,19,1,1,7.0,10.0,8.0,9.0,8.0,20.0,20.0,20.0,20.0,20.0,3
7126,482,476.0,19,1,0,7.0,10.0,8.0,9.0,8.0,20.0,20.0,20.0,15.0,15.0,3
7128,482,478.0,19,1,0,7.0,10.0,8.0,9.0,8.0,20.0,20.0,10.0,20.0,10.0,3
7129,482,479.0,19,1,0,7.0,10.0,8.0,9.0,8.0,15.0,15.0,20.0,20.0,15.0,3
7130,482,480.0,19,1,0,7.0,10.0,8.0,9.0,8.0,16.0,18.0,18.0,20.0,12.0,3
7131,483,466.0,19,1,0,8.0,10.0,10.0,10.0,10.0,10.0,20.0,20.0,15.0,20.0,3
7132,483,467.0,19,1,0,8.0,10.0,10.0,10.0,10.0,20.0,20.0,20.0,20.0,20.0,3
7141,483,476.0,19,1,0,8.0,10.0,10.0,10.0,10.0,20.0,20.0,20.0,15.0,15.0,3
7143,483,478.0,19,1,0,8.0,10.0,10.0,10.0,10.0,20.0,20.0,10.0,20.0,10.0,3
7144,483,479.0,19,1,0,8.0,10.0,10.0,10.0,10.0,15.0,15.0,20.0,20.0,15.0,3
7145,483,480.0,19,1,0,8.0,10.0,10.0,10.0,10.0,16.0,18.0,18.0,20.0,12.0,3
7149,484,469.0,19,1,0,4.0,8.0,9.0,2.0,9.0,20.0,10.0,20.0,20.0,10.0,3
7150,484,470.0,19,1,0,4.0,8.0,9.0,2.0,9.0,10.0,20.0,25.0,25.0,10.0,3
7151,484,471.0,19,1,0,4.0,8.0,9.0,2.0,9.0,15.0,15.0,25.0,10.0,15.0,3
7153,484,473.0,19,1,1,4.0,8.0,9.0,2.0,9.0,15.0,20.0,20.0,15.0,15.0,3
7169,485,474.0,19,1,0,8.0,8.0,8.0,7.0,7.0,15.0,20.0,10.0,30.0,5.0,3
7182,486,472.0,19,1,0,7.0,10.0,9.0,8.0,9.0,10.0,25.0,25.0,20.0,10.0,3
7185,486,475.0,19,1,0,7.0,10.0,9.0,8.0,9.0,10.0,15.0,30.0,10.0,15.0,3
7187,486,477.0,19,1,0,7.0,10.0,9.0,8.0,9.0,16.0,19.0,16.0,17.0,15.0,3
7194,487,469.0,19,1,0,7.0,9.0,8.0,6.0,5.0,20.0,10.0,20.0,20.0,10.0,3
7195,487,470.0,19,1,0,7.0,9.0,8.0,6.0,5.0,10.0,20.0,25.0,25.0,10.0,3
7196,487,471.0,19,1,0,7.0,9.0,8.0,6.0,5.0,15.0,15.0,25.0,10.0,15.0,3
7198,487,473.0,19,1,0,7.0,9.0,8.0,6.0,5.0,15.0,20.0,20.0,15.0,15.0,3
7209,488,469.0,19,1,0,5.0,10.0,10.0,7.0,8.0,20.0,10.0,20.0,20.0,10.0,3
7210,488,470.0,19,1,1,5.0,10.0,10.0,7.0,8.0,10.0,20.0,25.0,25.0,10.0,3
7211,488,471.0,19,1,0,5.0,10.0,10.0,7.0,8.0,15.0,15.0,25.0,10.0,15.0,3
7213,488,473.0,19,1,0,5.0,10.0,10.0,7.0,8.0,15.0,20.0,20.0,15.0,15.0,3
7221,489,466.0,19,1,0,6.0,8.0,9.0,8.0,10.0,10.0,20.0,20.0,15.0,20.0,3
7222,489,467.0,19,1,1,6.0,8.0,9.0,8.0,10.0,20.0,20.0,20.0,20.0,20.0,3
7231,489,476.0,19,1,0,6.0,8.0,9.0,8.0,10.0,20.0,20.0,20.0,15.0,15.0,3
7233,489,478.0,19,1,1,6.0,8.0,9.0,8.0,10.0,20.0,20.0,10.0,20.0,10.0,3
7234,489,479.0,19,1,0,6.0,8.0,9.0,8.0,10.0,15.0,15.0,20.0,20.0,15.0,3
7235,489,480.0,19,1,1,6.0,8.0,9.0,8.0,10.0,16.0,18.0,18.0,20.0,12.0,3
7236,490,466.0,19,1,0,3.0,7.0,8.0,6.0,6.0,10.0,20.0,20.0,15.0,20.0,3
7237,490,467.0,19,1,1,3.0,7.0,8.0,6.0,6.0,20.0,20.0,20.0,20.0,20.0,3
7246,490,476.0,19,1,0,3.0,7.0,8.0,6.0,6.0,20.0,20.0,20.0,15.0,15.0,3
7248,490,478.0,19,1,0,3.0,7.0,8.0,6.0,6.0,20.0,20.0,10.0,20.0,10.0,3
7249,490,479.0,19,1,0,3.0,7.0,8.0,6.0,6.0,15.0,15.0,20.0,20.0,15.0,3
7250,490,480.0,19,1,0,3.0,7.0,8.0,6.0,6.0,16.0,18.0,18.0,20.0,12.0,3
7257,491,472.0,19,1,0,7.0,7.0,7.0,7.0,7.0,10.0,25.0,25.0,20.0,10.0,3
7260,491,475.0,19,1,0,7.0,7.0,7.0,7.0,7.0,10.0,15.0,30.0,10.0,15.0,3
7262,491,477.0,19,1,0,7.0,7.0,7.0,7.0,7.0,16.0,19.0,16.0,17.0,15.0,3
7268,492,468.0,19,1,1,10.0,10.0,10.0,10.0,10.0,15.0,25.0,15.0,15.0,15.0,3
7284,493,469.0,19,1,1,7.0,7.0,8.0,8.0,8.0,20.0,10.0,20.0,20.0,10.0,3
7285,493,470.0,19,1,0,7.0,7.0,8.0,8.0,8.0,10.0,20.0,25.0,25.0,10.0,3
7286,493,471.0,19,1,0,7.0,7.0,8.0,8.0,8.0,15.0,15.0,25.0,10.0,15.0,3
7288,493,473.0,19,1,0,7.0,7.0,8.0,8.0,8.0,15.0,20.0,20.0,15.0,15.0,3
7296,494,466.0,19,1,0,9.0,10.0,10.0,10.0,7.0,10.0,20.0,20.0,15.0,20.0,3
7297,494,467.0,19,1,0,9.0,10.0,10.0,10.0,7.0,20.0,20.0,20.0,20.0,20.0,3
7306,494,476.0,19,1,0,9.0,10.0,10.0,10.0,7.0,20.0,20.0,20.0,15.0,15.0,3
7308,494,478.0,19,1,0,9.0,10.0,10.0,10.0,7.0,20.0,20.0,10.0,20.0,10.0,3
7309,494,479.0,19,1,0,9.0,10.0,10.0,10.0,7.0,15.0,15.0,20.0,20.0,15.0,3
7310,494,480.0,19,1,0,9.0,10.0,10.0,10.0,7.0,16.0,18.0,18.0,20.0,12.0,3
7313,495,468.0,19,1,0,7.0,7.0,8.0,7.0,9.0,15.0,25.0,15.0,15.0,15.0,3
7326,496,502.0,20,0,0,5.0,8.0,9.0,6.0,8.0,40.0,20.0,20.0,20.0,0.0,3
7329,496,505.0,20,0,1,5.0,8.0,9.0,6.0,8.0,20.0,14.0,18.0,16.0,16.0,3
7330,496,506.0,20,0,0,5.0,8.0,9.0,6.0,8.0,15.0,15.0,20.0,15.0,15.0,3
7331,496,507.0,20,0,0,5.0,8.0,9.0,6.0,8.0,20.0,20.0,20.0,20.0,20.0,3
7332,496,508.0,20,0,0,5.0,8.0,9.0,6.0,8.0,18.0,10.0,18.0,18.0,18.0,3
7334,497,503.0,20,0,0,8.0,10.0,9.0,10.0,8.0,30.0,30.0,40.0,0.0,0.0,3
7335,497,504.0,20,0,0,8.0,10.0,9.0,10.0,8.0,30.0,0.0,30.0,15.0,15.0,3
7341,498,503.0,20,0,0,8.0,9.0,9.0,10.0,10.0,30.0,30.0,40.0,0.0,0.0,3
7342,498,504.0,20,0,0,8.0,9.0,9.0,10.0,10.0,30.0,0.0,30.0,15.0,15.0,3
7348,499,503.0,20,0,0,9.0,10.0,10.0,9.0,4.0,30.0,30.0,40.0,0.0,0.0,3
7349,499,504.0,20,0,1,9.0,10.0,10.0,9.0,4.0,30.0,0.0,30.0,15.0,15.0,3
7362,501,503.0,20,0,0,8.0,9.0,9.0,8.0,9.0,30.0,30.0,40.0,0.0,0.0,3
7363,501,504.0,20,0,1,8.0,9.0,9.0,8.0,9.0,30.0,0.0,30.0,15.0,15.0,3
7368,502,496.0,20,1,0,7.0,7.0,9.0,9.0,9.0,20.0,30.0,20.0,20.0,10.0,3
7375,503,497.0,20,1,0,7.0,9.0,10.0,4.0,5.0,10.0,20.0,20.0,20.0,20.0,3
7376,503,498.0,20,1,0,7.0,9.0,10.0,4.0,5.0,18.0,18.0,18.0,18.0,18.0,3
7377,503,499.0,20,1,0,7.0,9.0,10.0,4.0,5.0,19.0,19.0,19.0,19.0,5.0,3
7379,503,501.0,20,1,0,7.0,9.0,10.0,4.0,5.0,30.0,10.0,20.0,10.0,10.0,3
7381,504,497.0,20,1,0,7.0,5.0,8.0,6.0,8.0,10.0,20.0,20.0,20.0,20.0,3
7382,504,498.0,20,1,0,7.0,5.0,8.0,6.0,8.0,18.0,18.0,18.0,18.0,18.0,3
7383,504,499.0,20,1,1,7.0,5.0,8.0,6.0,8.0,19.0,19.0,19.0,19.0,5.0,3
7385,504,501.0,20,1,1,7.0,5.0,8.0,6.0,8.0,30.0,10.0,20.0,10.0,10.0,3
7386,505,496.0,20,1,1,9.0,10.0,10.0,8.0,10.0,20.0,30.0,20.0,20.0,10.0,3
7392,506,496.0,20,1,0,5.0,8.0,9.0,7.0,10.0,20.0,30.0,20.0,20.0,10.0,3
7398,507,496.0,20,1,0,7.0,8.0,8.0,7.0,7.0,20.0,30.0,20.0,20.0,10.0,3
7404,508,496.0,20,1,0,7.0,8.0,9.0,8.0,8.0,20.0,30.0,20.0,20.0,10.0,3
7410,509,531.0,21,0,0,5.0,6.0,8.0,4.0,9.0,15.0,30.0,20.0,20.0,10.0,3
7411,509,532.0,21,0,0,5.0,6.0,8.0,4.0,9.0,25.0,20.0,20.0,20.0,5.0,3
7416,509,537.0,21,0,1,5.0,6.0,8.0,4.0,9.0,20.0,5.0,25.0,25.0,5.0,3
7420,509,541.0,21,0,0,5.0,6.0,8.0,4.0,9.0,40.0,30.0,0.0,20.0,0.0,3
7421,509,542.0,21,0,0,5.0,6.0,8.0,4.0,9.0,25.0,15.0,20.0,20.0,10.0,3
7422,509,543.0,21,0,0,5.0,6.0,8.0,4.0,9.0,20.0,16.0,16.0,17.0,16.0,3
7423,509,544.0,21,0,0,5.0,6.0,8.0,4.0,9.0,15.0,25.0,20.0,10.0,10.0,3
7454,511,531.0,21,0,0,8.0,4.0,8.0,10.0,8.0,15.0,30.0,20.0,20.0,10.0,3
7455,511,532.0,21,0,0,8.0,4.0,8.0,10.0,8.0,25.0,20.0,20.0,20.0,5.0,3
7460,511,537.0,21,0,0,8.0,4.0,8.0,10.0,8.0,20.0,5.0,25.0,25.0,5.0,3
7464,511,541.0,21,0,0,8.0,4.0,8.0,10.0,8.0,40.0,30.0,0.0,20.0,0.0,3
7465,511,542.0,21,0,1,8.0,4.0,8.0,10.0,8.0,25.0,15.0,20.0,20.0,10.0,3
7466,511,543.0,21,0,0,8.0,4.0,8.0,10.0,8.0,20.0,16.0,16.0,17.0,16.0,3
7467,511,544.0,21,0,0,8.0,4.0,8.0,10.0,8.0,15.0,25.0,20.0,10.0,10.0,3
7478,512,533.0,21,0,0,7.0,8.0,7.0,8.0,7.0,25.0,25.0,25.0,13.0,12.0,3
7480,512,535.0,21,0,0,7.0,8.0,7.0,8.0,7.0,23.0,14.0,19.0,16.0,10.0,3
7481,512,536.0,21,0,0,7.0,8.0,7.0,8.0,7.0,30.0,20.0,20.0,20.0,10.0,3
7483,512,538.0,21,0,0,7.0,8.0,7.0,8.0,7.0,50.0,0.0,10.0,30.0,0.0,3
7484,512,539.0,21,0,0,7.0,8.0,7.0,8.0,7.0,30.0,10.0,20.0,15.0,15.0,3
7485,512,540.0,21,0,0,7.0,8.0,7.0,8.0,7.0,20.0,15.0,20.0,20.0,15.0,3
7490,512,545.0,21,0,0,7.0,8.0,7.0,8.0,7.0,20.0,20.0,20.0,20.0,10.0,3
7491,512,546.0,21,0,0,7.0,8.0,7.0,8.0,7.0,35.0,10.0,20.0,25.0,5.0,3
7492,512,547.0,21,0,1,7.0,8.0,7.0,8.0,7.0,25.0,20.0,20.0,20.0,0.0,3
7493,512,548.0,21,0,0,7.0,8.0,7.0,8.0,7.0,40.0,10.0,20.0,10.0,0.0,3
7494,512,549.0,21,0,0,7.0,8.0,7.0,8.0,7.0,20.0,20.0,20.0,20.0,0.0,3
7495,512,550.0,21,0,0,7.0,8.0,7.0,8.0,7.0,30.0,3.0,30.0,30.0,3.0,3
7497,512,552.0,21,0,0,7.0,8.0,7.0,8.0,7.0,70.0,0.0,15.0,15.0,0.0,3
7500,513,533.0,21,0,1,6.0,8.0,6.0,7.0,4.0,25.0,25.0,25.0,13.0,12.0,3
7502,513,535.0,21,0,1,6.0,8.0,6.0,7.0,4.0,23.0,14.0,19.0,16.0,10.0,3
7503,513,536.0,21,0,0,6.0,8.0,6.0,7.0,4.0,30.0,20.0,20.0,20.0,10.0,3
7505,513,538.0,21,0,0,6.0,8.0,6.0,7.0,4.0,50.0,0.0,10.0,30.0,0.0,3
7506,513,539.0,21,0,0,6.0,8.0,6.0,7.0,4.0,30.0,10.0,20.0,15.0,15.0,3
7507,513,540.0,21,0,0,6.0,8.0,6.0,7.0,4.0,20.0,15.0,20.0,20.0,15.0,3
7512,513,545.0,21,0,0,6.0,8.0,6.0,7.0,4.0,20.0,20.0,20.0,20.0,10.0,3
7513,513,546.0,21,0,1,6.0,8.0,6.0,7.0,4.0,35.0,10.0,20.0,25.0,5.0,3
7514,513,547.0,21,0,0,6.0,8.0,6.0,7.0,4.0,25.0,20.0,20.0,20.0,0.0,3
7515,513,548.0,21,0,0,6.0,8.0,6.0,7.0,4.0,40.0,10.0,20.0,10.0,0.0,3
7516,513,549.0,21,0,0,6.0,8.0,6.0,7.0,4.0,20.0,20.0,20.0,20.0,0.0,3
7517,513,550.0,21,0,1,6.0,8.0,6.0,7.0,4.0,30.0,3.0,30.0,30.0,3.0,3
7519,513,552.0,21,0,1,6.0,8.0,6.0,7.0,4.0,70.0,0.0,15.0,15.0,0.0,3
7522,514,533.0,21,0,0,8.0,10.0,9.0,8.0,7.0,25.0,25.0,25.0,13.0,12.0,3
7524,514,535.0,21,0,0,8.0,10.0,9.0,8.0,7.0,23.0,14.0,19.0,16.0,10.0,3
7525,514,536.0,21,0,0,8.0,10.0,9.0,8.0,7.0,30.0,20.0,20.0,20.0,10.0,3
7527,514,538.0,21,0,0,8.0,10.0,9.0,8.0,7.0,50.0,0.0,10.0,30.0,0.0,3
7528,514,539.0,21,0,0,8.0,10.0,9.0,8.0,7.0,30.0,10.0,20.0,15.0,15.0,3
7529,514,540.0,21,0,0,8.0,10.0,9.0,8.0,7.0,20.0,15.0,20.0,20.0,15.0,3
7534,514,545.0,21,0,0,8.0,10.0,9.0,8.0,7.0,20.0,20.0,20.0,20.0,10.0,3
7535,514,546.0,21,0,0,8.0,10.0,9.0,8.0,7.0,35.0,10.0,20.0,25.0,5.0,3
7536,514,547.0,21,0,0,8.0,10.0,9.0,8.0,7.0,25.0,20.0,20.0,20.0,0.0,3
7537,514,548.0,21,0,0,8.0,10.0,9.0,8.0,7.0,40.0,10.0,20.0,10.0,0.0,3
7538,514,549.0,21,0,0,8.0,10.0,9.0,8.0,7.0,20.0,20.0,20.0,20.0,0.0,3
7539,514,550.0,21,0,0,8.0,10.0,9.0,8.0,7.0,30.0,3.0,30.0,30.0,3.0,3
7541,514,552.0,21,0,0,8.0,10.0,9.0,8.0,7.0,70.0,0.0,15.0,15.0,0.0,3
7544,515,533.0,21,0,0,8.0,10.0,10.0,8.0,8.0,25.0,25.0,25.0,13.0,12.0,3
7546,515,535.0,21,0,1,8.0,10.0,10.0,8.0,8.0,23.0,14.0,19.0,16.0,10.0,3
7547,515,536.0,21,0,0,8.0,10.0,10.0,8.0,8.0,30.0,20.0,20.0,20.0,10.0,3
7549,515,538.0,21,0,0,8.0,10.0,10.0,8.0,8.0,50.0,0.0,10.0,30.0,0.0,3
7550,515,539.0,21,0,0,8.0,10.0,10.0,8.0,8.0,30.0,10.0,20.0,15.0,15.0,3
7551,515,540.0,21,0,0,8.0,10.0,10.0,8.0,8.0,20.0,15.0,20.0,20.0,15.0,3
7556,515,545.0,21,0,0,8.0,10.0,10.0,8.0,8.0,20.0,20.0,20.0,20.0,10.0,3
7557,515,546.0,21,0,0,8.0,10.0,10.0,8.0,8.0,35.0,10.0,20.0,25.0,5.0,3
7558,515,547.0,21,0,0,8.0,10.0,10.0,8.0,8.0,25.0,20.0,20.0,20.0,0.0,3
7559,515,548.0,21,0,0,8.0,10.0,10.0,8.0,8.0,40.0,10.0,20.0,10.0,0.0,3
7560,515,549.0,21,0,0,8.0,10.0,10.0,8.0,8.0,20.0,20.0,20.0,20.0,0.0,3
7561,515,550.0,21,0,0,8.0,10.0,10.0,8.0,8.0,30.0,3.0,30.0,30.0,3.0,3
7563,515,552.0,21,0,1,8.0,10.0,10.0,8.0,8.0,70.0,0.0,15.0,15.0,0.0,3
7564,516,531.0,21,0,0,8.0,9.0,8.0,9.0,8.0,15.0,30.0,20.0,20.0,10.0,3
7565,516,532.0,21,0,0,8.0,9.0,8.0,9.0,8.0,25.0,20.0,20.0,20.0,5.0,3
7570,516,537.0,21,0,0,8.0,9.0,8.0,9.0,8.0,20.0,5.0,25.0,25.0,5.0,3
7574,516,541.0,21,0,1,8.0,9.0,8.0,9.0,8.0,40.0,30.0,0.0,20.0,0.0,3
7575,516,542.0,21,0,0,8.0,9.0,8.0,9.0,8.0,25.0,15.0,20.0,20.0,10.0,3
7576,516,543.0,21,0,0,8.0,9.0,8.0,9.0,8.0,20.0,16.0,16.0,17.0,16.0,3
7577,516,544.0,21,0,0,8.0,9.0,8.0,9.0,8.0,15.0,25.0,20.0,10.0,10.0,3
7610,518,533.0,21,0,0,6.0,9.0,8.0,8.0,7.0,25.0,25.0,25.0,13.0,12.0,3
7612,518,535.0,21,0,1,6.0,9.0,8.0,8.0,7.0,23.0,14.0,19.0,16.0,10.0,3
7613,518,536.0,21,0,0,6.0,9.0,8.0,8.0,7.0,30.0,20.0,20.0,20.0,10.0,3
7615,518,538.0,21,0,0,6.0,9.0,8.0,8.0,7.0,50.0,0.0,10.0,30.0,0.0,3
7616,518,539.0,21,0,0,6.0,9.0,8.0,8.0,7.0,30.0,10.0,20.0,15.0,15.0,3
7617,518,540.0,21,0,0,6.0,9.0,8.0,8.0,7.0,20.0,15.0,20.0,20.0,15.0,3
7622,518,545.0,21,0,0,6.0,9.0,8.0,8.0,7.0,20.0,20.0,20.0,20.0,10.0,3
7623,518,546.0,21,0,1,6.0,9.0,8.0,8.0,7.0,35.0,10.0,20.0,25.0,5.0,3
7624,518,547.0,21,0,1,6.0,9.0,8.0,8.0,7.0,25.0,20.0,20.0,20.0,0.0,3
7625,518,548.0,21,0,1,6.0,9.0,8.0,8.0,7.0,40.0,10.0,20.0,10.0,0.0,3
7626,518,549.0,21,0,1,6.0,9.0,8.0,8.0,7.0,20.0,20.0,20.0,20.0,0.0,3
7627,518,550.0,21,0,1,6.0,9.0,8.0,8.0,7.0,30.0,3.0,30.0,30.0,3.0,3
7629,518,552.0,21,0,0,6.0,9.0,8.0,8.0,7.0,70.0,0.0,15.0,15.0,0.0,3
7632,519,533.0,21,0,0,8.0,10.0,9.0,9.0,10.0,25.0,25.0,25.0,13.0,12.0,3
7634,519,535.0,21,0,0,8.0,10.0,9.0,9.0,10.0,23.0,14.0,19.0,16.0,10.0,3
7635,519,536.0,21,0,0,8.0,10.0,9.0,9.0,10.0,30.0,20.0,20.0,20.0,10.0,3
7637,519,538.0,21,0,0,8.0,10.0,9.0,9.0,10.0,50.0,0.0,10.0,30.0,0.0,3
7638,519,539.0,21,0,0,8.0,10.0,9.0,9.0,10.0,30.0,10.0,20.0,15.0,15.0,3
7639,519,540.0,21,0,0,8.0,10.0,9.0,9.0,10.0,20.0,15.0,20.0,20.0,15.0,3
7644,519,545.0,21,0,0,8.0,10.0,9.0,9.0,10.0,20.0,20.0,20.0,20.0,10.0,3
7645,519,546.0,21,0,0,8.0,10.0,9.0,9.0,10.0,35.0,10.0,20.0,25.0,5.0,3
7646,519,547.0,21,0,0,8.0,10.0,9.0,9.0,10.0,25.0,20.0,20.0,20.0,0.0,3
7647,519,548.0,21,0,0,8.0,10.0,9.0,9.0,10.0,40.0,10.0,20.0,10.0,0.0,3
7648,519,549.0,21,0,0,8.0,10.0,9.0,9.0,10.0,20.0,20.0,20.0,20.0,0.0,3
7649,519,550.0,21,0,0,8.0,10.0,9.0,9.0,10.0,30.0,3.0,30.0,30.0,3.0,3
7651,519,552.0,21,0,0,8.0,10.0,9.0,9.0,10.0,70.0,0.0,15.0,15.0,0.0,3
7655,520,534.0,21,0,0,8.0,9.0,8.0,7.0,5.0,30.0,30.0,30.0,5.0,2.0,3
7676,521,533.0,21,0,0,7.0,9.0,8.0,9.0,8.0,25.0,25.0,25.0,13.0,12.0,3
7678,521,535.0,21,0,1,7.0,9.0,8.0,9.0,8.0,23.0,14.0,19.0,16.0,10.0,3
7679,521,536.0,21,0,0,7.0,9.0,8.0,9.0,8.0,30.0,20.0,20.0,20.0,10.0,3
7681,521,538.0,21,0,1,7.0,9.0,8.0,9.0,8.0,50.0,0.0,10.0,30.0,0.0,3
7682,521,539.0,21,0,0,7.0,9.0,8.0,9.0,8.0,30.0,10.0,20.0,15.0,15.0,3
7683,521,540.0,21,0,0,7.0,9.0,8.0,9.0,8.0,20.0,15.0,20.0,20.0,15.0,3
7688,521,545.0,21,0,1,7.0,9.0,8.0,9.0,8.0,20.0,20.0,20.0,20.0,10.0,3
7689,521,546.0,21,0,0,7.0,9.0,8.0,9.0,8.0,35.0,10.0,20.0,25.0,5.0,3
7690,521,547.0,21,0,0,7.0,9.0,8.0,9.0,8.0,25.0,20.0,20.0,20.0,0.0,3
7691,521,548.0,21,0,1,7.0,9.0,8.0,9.0,8.0,40.0,10.0,20.0,10.0,0.0,3
7692,521,549.0,21,0,0,7.0,9.0,8.0,9.0,8.0,20.0,20.0,20.0,20.0,0.0,3
7693,521,550.0,21,0,1,7.0,9.0,8.0,9.0,8.0,30.0,3.0,30.0,30.0,3.0,3
7695,521,552.0,21,0,0,7.0,9.0,8.0,9.0,8.0,70.0,0.0,15.0,15.0,0.0,3
7698,522,533.0,21,0,0,7.0,7.0,9.0,7.0,8.0,25.0,25.0,25.0,13.0,12.0,3
7700,522,535.0,21,0,0,7.0,7.0,9.0,7.0,8.0,23.0,14.0,19.0,16.0,10.0,3
7701,522,536.0,21,0,0,7.0,7.0,9.0,7.0,8.0,30.0,20.0,20.0,20.0,10.0,3
7703,522,538.0,21,0,0,7.0,7.0,9.0,7.0,8.0,50.0,0.0,10.0,30.0,0.0,3
7704,522,539.0,21,0,1,7.0,7.0,9.0,7.0,8.0,30.0,10.0,20.0,15.0,15.0,3
7705,522,540.0,21,0,0,7.0,7.0,9.0,7.0,8.0,20.0,15.0,20.0,20.0,15.0,3
7710,522,545.0,21,0,1,7.0,7.0,9.0,7.0,8.0,20.0,20.0,20.0,20.0,10.0,3
7711,522,546.0,21,0,1,7.0,7.0,9.0,7.0,8.0,35.0,10.0,20.0,25.0,5.0,3
7712,522,547.0,21,0,0,7.0,7.0,9.0,7.0,8.0,25.0,20.0,20.0,20.0,0.0,3
7713,522,548.0,21,0,0,7.0,7.0,9.0,7.0,8.0,40.0,10.0,20.0,10.0,0.0,3
7714,522,549.0,21,0,1,7.0,7.0,9.0,7.0,8.0,20.0,20.0,20.0,20.0,0.0,3
7715,522,550.0,21,0,0,7.0,7.0,9.0,7.0,8.0,30.0,3.0,30.0,30.0,3.0,3
7717,522,552.0,21,0,0,7.0,7.0,9.0,7.0,8.0,70.0,0.0,15.0,15.0,0.0,3
7718,523,531.0,21,0,0,6.0,9.0,9.0,8.0,6.0,15.0,30.0,20.0,20.0,10.0,3
7719,523,532.0,21,0,1,6.0,9.0,9.0,8.0,6.0,25.0,20.0,20.0,20.0,5.0,3
7724,523,537.0,21,0,0,6.0,9.0,9.0,8.0,6.0,20.0,5.0,25.0,25.0,5.0,3
7728,523,541.0,21,0,0,6.0,9.0,9.0,8.0,6.0,40.0,30.0,0.0,20.0,0.0,3
7729,523,542.0,21,0,0,6.0,9.0,9.0,8.0,6.0,25.0,15.0,20.0,20.0,10.0,3
7730,523,543.0,21,0,0,6.0,9.0,9.0,8.0,6.0,20.0,16.0,16.0,17.0,16.0,3
7731,523,544.0,21,0,1,6.0,9.0,9.0,8.0,6.0,15.0,25.0,20.0,10.0,10.0,3
7740,524,531.0,21,0,1,5.0,9.0,8.0,7.0,7.0,15.0,30.0,20.0,20.0,10.0,3
7741,524,532.0,21,0,1,5.0,9.0,8.0,7.0,7.0,25.0,20.0,20.0,20.0,5.0,3
7746,524,537.0,21,0,0,5.0,9.0,8.0,7.0,7.0,20.0,5.0,25.0,25.0,5.0,3
7750,524,541.0,21,0,0,5.0,9.0,8.0,7.0,7.0,40.0,30.0,0.0,20.0,0.0,3
7751,524,542.0,21,0,1,5.0,9.0,8.0,7.0,7.0,25.0,15.0,20.0,20.0,10.0,3
7752,524,543.0,21,0,0,5.0,9.0,8.0,7.0,7.0,20.0,16.0,16.0,17.0,16.0,3
7753,524,544.0,21,0,0,5.0,9.0,8.0,7.0,7.0,15.0,25.0,20.0,10.0,10.0,3
7764,525,533.0,21,0,0,6.0,10.0,10.0,8.0,9.0,25.0,25.0,25.0,13.0,12.0,3
7766,525,535.0,21,0,0,6.0,10.0,10.0,8.0,9.0,23.0,14.0,19.0,16.0,10.0,3
7767,525,536.0,21,0,0,6.0,10.0,10.0,8.0,9.0,30.0,20.0,20.0,20.0,10.0,3
7769,525,538.0,21,0,0,6.0,10.0,10.0,8.0,9.0,50.0,0.0,10.0,30.0,0.0,3
7770,525,539.0,21,0,0,6.0,10.0,10.0,8.0,9.0,30.0,10.0,20.0,15.0,15.0,3
7771,525,540.0,21,0,0,6.0,10.0,10.0,8.0,9.0,20.0,15.0,20.0,20.0,15.0,3
7776,525,545.0,21,0,0,6.0,10.0,10.0,8.0,9.0,20.0,20.0,20.0,20.0,10.0,3
7777,525,546.0,21,0,0,6.0,10.0,10.0,8.0,9.0,35.0,10.0,20.0,25.0,5.0,3
7778,525,547.0,21,0,0,6.0,10.0,10.0,8.0,9.0,25.0,20.0,20.0,20.0,0.0,3
7779,525,548.0,21,0,0,6.0,10.0,10.0,8.0,9.0,40.0,10.0,20.0,10.0,0.0,3
7780,525,549.0,21,0,0,6.0,10.0,10.0,8.0,9.0,20.0,20.0,20.0,20.0,0.0,3
7781,525,550.0,21,0,0,6.0,10.0,10.0,8.0,9.0,30.0,3.0,30.0,30.0,3.0,3
7783,525,552.0,21,0,0,6.0,10.0,10.0,8.0,9.0,70.0,0.0,15.0,15.0,0.0,3
7809,527,534.0,21,0,0,10.0,10.0,10.0,10.0,10.0,30.0,30.0,30.0,5.0,2.0,3
7850,529,531.0,21,0,0,6.0,10.0,7.0,9.0,5.0,15.0,30.0,20.0,20.0,10.0,3
7851,529,532.0,21,0,1,6.0,10.0,7.0,9.0,5.0,25.0,20.0,20.0,20.0,5.0,3
7856,529,537.0,21,0,0,6.0,10.0,7.0,9.0,5.0,20.0,5.0,25.0,25.0,5.0,3
7860,529,541.0,21,0,0,6.0,10.0,7.0,9.0,5.0,40.0,30.0,0.0,20.0,0.0,3
7861,529,542.0,21,0,0,6.0,10.0,7.0,9.0,5.0,25.0,15.0,20.0,20.0,10.0,3
7862,529,543.0,21,0,0,6.0,10.0,7.0,9.0,5.0,20.0,16.0,16.0,17.0,16.0,3
7863,529,544.0,21,0,0,6.0,10.0,7.0,9.0,5.0,15.0,25.0,20.0,10.0,10.0,3
7872,530,531.0,21,0,0,3.0,9.0,9.0,9.0,7.0,15.0,30.0,20.0,20.0,10.0,3
7873,530,532.0,21,0,0,3.0,9.0,9.0,9.0,7.0,25.0,20.0,20.0,20.0,5.0,3
7878,530,537.0,21,0,0,3.0,9.0,9.0,9.0,7.0,20.0,5.0,25.0,25.0,5.0,3
7882,530,541.0,21,0,0,3.0,9.0,9.0,9.0,7.0,40.0,30.0,0.0,20.0,0.0,3
7883,530,542.0,21,0,0,3.0,9.0,9.0,9.0,7.0,25.0,15.0,20.0,20.0,10.0,3
7884,530,543.0,21,0,0,3.0,9.0,9.0,9.0,7.0,20.0,16.0,16.0,17.0,16.0,3
7885,530,544.0,21,0,1,3.0,9.0,9.0,9.0,7.0,15.0,25.0,20.0,10.0,10.0,3
7894,531,509.0,21,1,0,10.0,10.0,10.0,6.0,10.0,10.0,20.0,30.0,10.0,10.0,3
7896,531,511.0,21,1,0,10.0,10.0,10.0,6.0,10.0,20.0,10.0,10.0,30.0,15.0,3
7901,531,516.0,21,1,0,10.0,10.0,10.0,6.0,10.0,58.0,5.0,8.0,10.0,7.0,3
7908,531,523.0,21,1,0,10.0,10.0,10.0,6.0,10.0,10.0,25.0,20.0,20.0,5.0,3
7909,531,524.0,21,1,1,10.0,10.0,10.0,6.0,10.0,15.0,20.0,25.0,20.0,10.0,3
7914,531,529.0,21,1,0,10.0,10.0,10.0,6.0,10.0,10.0,25.0,25.0,10.0,10.0,3
7915,531,530.0,21,1,0,10.0,10.0,10.0,6.0,10.0,20.0,20.0,10.0,15.0,5.0,3
7916,532,509.0,21,1,0,7.0,9.0,8.0,7.0,8.0,10.0,20.0,30.0,10.0,10.0,3
7918,532,511.0,21,1,0,7.0,9.0,8.0,7.0,8.0,20.0,10.0,10.0,30.0,15.0,3
7923,532,516.0,21,1,0,7.0,9.0,8.0,7.0,8.0,58.0,5.0,8.0,10.0,7.0,3
7930,532,523.0,21,1,1,7.0,9.0,8.0,7.0,8.0,10.0,25.0,20.0,20.0,5.0,3
7931,532,524.0,21,1,1,7.0,9.0,8.0,7.0,8.0,15.0,20.0,25.0,20.0,10.0,3
7936,532,529.0,21,1,1,7.0,9.0,8.0,7.0,8.0,10.0,25.0,25.0,10.0,10.0,3
7937,532,530.0,21,1,0,7.0,9.0,8.0,7.0,8.0,20.0,20.0,10.0,15.0,5.0,3
7941,533,512.0,21,1,0,8.0,9.0,9.0,8.0,9.0,20.0,20.0,20.0,20.0,5.0,3
7942,533,513.0,21,1,1,8.0,9.0,9.0,8.0,9.0,20.0,20.0,20.0,20.0,5.0,3
7943,533,514.0,21,1,0,8.0,9.0,9.0,8.0,9.0,20.0,20.0,20.0,15.0,5.0,3
7944,533,515.0,21,1,0,8.0,9.0,9.0,8.0,9.0,20.0,20.0,20.0,15.0,10.0,3
7947,533,518.0,21,1,0,8.0,9.0,9.0,8.0,9.0,20.0,25.0,25.0,30.0,5.0,3
7948,533,519.0,21,1,0,8.0,9.0,9.0,8.0,9.0,40.0,5.0,30.0,15.0,5.0,3
7950,533,521.0,21,1,0,8.0,9.0,9.0,8.0,9.0,10.0,30.0,20.0,15.0,15.0,3
7951,533,522.0,21,1,0,8.0,9.0,9.0,8.0,9.0,10.0,20.0,15.0,20.0,15.0,3
7954,533,525.0,21,1,0,8.0,9.0,9.0,8.0,9.0,10.0,15.0,30.0,20.0,15.0,3
7971,534,520.0,21,1,0,7.0,9.0,9.0,8.0,5.0,25.0,15.0,25.0,15.0,10.0,3
7978,534,527.0,21,1,0,7.0,9.0,9.0,8.0,5.0,50.0,20.0,10.0,5.0,10.0,3
7985,535,512.0,21,1,0,6.0,7.0,7.0,6.0,5.0,20.0,20.0,20.0,20.0,5.0,3
7986,535,513.0,21,1,1,6.0,7.0,7.0,6.0,5.0,20.0,20.0,20.0,20.0,5.0,3
7987,535,514.0,21,1,0,6.0,7.0,7.0,6.0,5.0,20.0,20.0,20.0,15.0,5.0,3
7988,535,515.0,21,1,1,6.0,7.0,7.0,6.0,5.0,20.0,20.0,20.0,15.0,10.0,3
7991,535,518.0,21,1,1,6.0,7.0,7.0,6.0,5.0,20.0,25.0,25.0,30.0,5.0,3
7992,535,519.0,21,1,0,6.0,7.0,7.0,6.0,5.0,40.0,5.0,30.0,15.0,5.0,3
7994,535,521.0,21,1,1,6.0,7.0,7.0,6.0,5.0,10.0,30.0,20.0,15.0,15.0,3
7995,535,522.0,21,1,0,6.0,7.0,7.0,6.0,5.0,10.0,20.0,15.0,20.0,15.0,3
7998,535,525.0,21,1,0,6.0,7.0,7.0,6.0,5.0,10.0,15.0,30.0,20.0,15.0,3
8007,536,512.0,21,1,0,7.0,8.0,8.0,8.0,8.0,20.0,20.0,20.0,20.0,5.0,3
8008,536,513.0,21,1,0,7.0,8.0,8.0,8.0,8.0,20.0,20.0,20.0,20.0,5.0,3
8009,536,514.0,21,1,0,7.0,8.0,8.0,8.0,8.0,20.0,20.0,20.0,15.0,5.0,3
8010,536,515.0,21,1,0,7.0,8.0,8.0,8.0,8.0,20.0,20.0,20.0,15.0,10.0,3
8013,536,518.0,21,1,0,7.0,8.0,8.0,8.0,8.0,20.0,25.0,25.0,30.0,5.0,3
8014,536,519.0,21,1,0,7.0,8.0,8.0,8.0,8.0,40.0,5.0,30.0,15.0,5.0,3
8016,536,521.0,21,1,0,7.0,8.0,8.0,8.0,8.0,10.0,30.0,20.0,15.0,15.0,3
8017,536,522.0,21,1,0,7.0,8.0,8.0,8.0,8.0,10.0,20.0,15.0,20.0,15.0,3
8020,536,525.0,21,1,0,7.0,8.0,8.0,8.0,8.0,10.0,15.0,30.0,20.0,15.0,3
8026,537,509.0,21,1,1,7.0,9.0,9.0,9.0,7.0,10.0,20.0,30.0,10.0,10.0,3
8028,537,511.0,21,1,0,7.0,9.0,9.0,9.0,7.0,20.0,10.0,10.0,30.0,15.0,3
8033,537,516.0,21,1,0,7.0,9.0,9.0,9.0,7.0,58.0,5.0,8.0,10.0,7.0,3
8040,537,523.0,21,1,0,7.0,9.0,9.0,9.0,7.0,10.0,25.0,20.0,20.0,5.0,3
8041,537,524.0,21,1,0,7.0,9.0,9.0,9.0,7.0,15.0,20.0,25.0,20.0,10.0,3
8046,537,529.0,21,1,0,7.0,9.0,9.0,9.0,7.0,10.0,25.0,25.0,10.0,10.0,3
8047,537,530.0,21,1,0,7.0,9.0,9.0,9.0,7.0,20.0,20.0,10.0,15.0,5.0,3
8051,538,512.0,21,1,0,7.0,8.0,8.0,9.0,8.0,20.0,20.0,20.0,20.0,5.0,3
8052,538,513.0,21,1,0,7.0,8.0,8.0,9.0,8.0,20.0,20.0,20.0,20.0,5.0,3
8053,538,514.0,21,1,0,7.0,8.0,8.0,9.0,8.0,20.0,20.0,20.0,15.0,5.0,3
8054,538,515.0,21,1,0,7.0,8.0,8.0,9.0,8.0,20.0,20.0,20.0,15.0,10.0,3
8057,538,518.0,21,1,0,7.0,8.0,8.0,9.0,8.0,20.0,25.0,25.0,30.0,5.0,3
8058,538,519.0,21,1,0,7.0,8.0,8.0,9.0,8.0,40.0,5.0,30.0,15.0,5.0,3
8060,538,521.0,21,1,1,7.0,8.0,8.0,9.0,8.0,10.0,30.0,20.0,15.0,15.0,3
8061,538,522.0,21,1,0,7.0,8.0,8.0,9.0,8.0,10.0,20.0,15.0,20.0,15.0,3
8064,538,525.0,21,1,0,7.0,8.0,8.0,9.0,8.0,10.0,15.0,30.0,20.0,15.0,3
8073,539,512.0,21,1,0,8.0,8.0,10.0,9.0,10.0,20.0,20.0,20.0,20.0,5.0,3
8074,539,513.0,21,1,0,8.0,8.0,10.0,9.0,10.0,20.0,20.0,20.0,20.0,5.0,3
8075,539,514.0,21,1,0,8.0,8.0,10.0,9.0,10.0,20.0,20.0,20.0,15.0,5.0,3
8076,539,515.0,21,1,0,8.0,8.0,10.0,9.0,10.0,20.0,20.0,20.0,15.0,10.0,3
8079,539,518.0,21,1,0,8.0,8.0,10.0,9.0,10.0,20.0,25.0,25.0,30.0,5.0,3
8080,539,519.0,21,1,0,8.0,8.0,10.0,9.0,10.0,40.0,5.0,30.0,15.0,5.0,3
8082,539,521.0,21,1,0,8.0,8.0,10.0,9.0,10.0,10.0,30.0,20.0,15.0,15.0,3
8083,539,522.0,21,1,1,8.0,8.0,10.0,9.0,10.0,10.0,20.0,15.0,20.0,15.0,3
8086,539,525.0,21,1,0,8.0,8.0,10.0,9.0,10.0,10.0,15.0,30.0,20.0,15.0,3
8095,540,512.0,21,1,0,5.0,7.0,5.0,6.0,7.0,20.0,20.0,20.0,20.0,5.0,3
8096,540,513.0,21,1,0,5.0,7.0,5.0,6.0,7.0,20.0,20.0,20.0,20.0,5.0,3
8097,540,514.0,21,1,0,5.0,7.0,5.0,6.0,7.0,20.0,20.0,20.0,15.0,5.0,3
8098,540,515.0,21,1,0,5.0,7.0,5.0,6.0,7.0,20.0,20.0,20.0,15.0,10.0,3
8101,540,518.0,21,1,0,5.0,7.0,5.0,6.0,7.0,20.0,25.0,25.0,30.0,5.0,3
8102,540,519.0,21,1,0,5.0,7.0,5.0,6.0,7.0,40.0,5.0,30.0,15.0,5.0,3
8104,540,521.0,21,1,0,5.0,7.0,5.0,6.0,7.0,10.0,30.0,20.0,15.0,15.0,3
8105,540,522.0,21,1,0,5.0,7.0,5.0,6.0,7.0,10.0,20.0,15.0,20.0,15.0,3
8108,540,525.0,21,1,0,5.0,7.0,5.0,6.0,7.0,10.0,15.0,30.0,20.0,15.0,3
8114,541,509.0,21,1,0,8.0,9.0,9.0,9.0,8.0,10.0,20.0,30.0,10.0,10.0,3
8116,541,511.0,21,1,0,8.0,9.0,9.0,9.0,8.0,20.0,10.0,10.0,30.0,15.0,3
8121,541,516.0,21,1,1,8.0,9.0,9.0,9.0,8.0,58.0,5.0,8.0,10.0,7.0,3
8128,541,523.0,21,1,0,8.0,9.0,9.0,9.0,8.0,10.0,25.0,20.0,20.0,5.0,3
8129,541,524.0,21,1,0,8.0,9.0,9.0,9.0,8.0,15.0,20.0,25.0,20.0,10.0,3
8134,541,529.0,21,1,0,8.0,9.0,9.0,9.0,8.0,10.0,25.0,25.0,10.0,10.0,3
8135,541,530.0,21,1,0,8.0,9.0,9.0,9.0,8.0,20.0,20.0,10.0,15.0,5.0,3
8136,542,509.0,21,1,0,8.0,9.0,8.0,8.0,9.0,10.0,20.0,30.0,10.0,10.0,3
8138,542,511.0,21,1,1,8.0,9.0,8.0,8.0,9.0,20.0,10.0,10.0,30.0,15.0,3
8143,542,516.0,21,1,0,8.0,9.0,8.0,8.0,9.0,58.0,5.0,8.0,10.0,7.0,3
8150,542,523.0,21,1,0,8.0,9.0,8.0,8.0,9.0,10.0,25.0,20.0,20.0,5.0,3
8151,542,524.0,21,1,1,8.0,9.0,8.0,8.0,9.0,15.0,20.0,25.0,20.0,10.0,3
8156,542,529.0,21,1,0,8.0,9.0,8.0,8.0,9.0,10.0,25.0,25.0,10.0,10.0,3
8157,542,530.0,21,1,0,8.0,9.0,8.0,8.0,9.0,20.0,20.0,10.0,15.0,5.0,3
8158,543,509.0,21,1,0,7.0,9.0,8.0,9.0,9.0,10.0,20.0,30.0,10.0,10.0,3
8160,543,511.0,21,1,0,7.0,9.0,8.0,9.0,9.0,20.0,10.0,10.0,30.0,15.0,3
8165,543,516.0,21,1,0,7.0,9.0,8.0,9.0,9.0,58.0,5.0,8.0,10.0,7.0,3
8172,543,523.0,21,1,0,7.0,9.0,8.0,9.0,9.0,10.0,25.0,20.0,20.0,5.0,3
8173,543,524.0,21,1,0,7.0,9.0,8.0,9.0,9.0,15.0,20.0,25.0,20.0,10.0,3
8178,543,529.0,21,1,0,7.0,9.0,8.0,9.0,9.0,10.0,25.0,25.0,10.0,10.0,3
8179,543,530.0,21,1,0,7.0,9.0,8.0,9.0,9.0,20.0,20.0,10.0,15.0,5.0,3
8180,544,509.0,21,1,0,7.0,10.0,9.0,10.0,8.0,10.0,20.0,30.0,10.0,10.0,3
8182,544,511.0,21,1,0,7.0,10.0,9.0,10.0,8.0,20.0,10.0,10.0,30.0,15.0,3
8187,544,516.0,21,1,0,7.0,10.0,9.0,10.0,8.0,58.0,5.0,8.0,10.0,7.0,3
8194,544,523.0,21,1,1,7.0,10.0,9.0,10.0,8.0,10.0,25.0,20.0,20.0,5.0,3
8195,544,524.0,21,1,0,7.0,10.0,9.0,10.0,8.0,15.0,20.0,25.0,20.0,10.0,3
8200,544,529.0,21,1,0,7.0,10.0,9.0,10.0,8.0,10.0,25.0,25.0,10.0,10.0,3
8201,544,530.0,21,1,1,7.0,10.0,9.0,10.0,8.0,20.0,20.0,10.0,15.0,5.0,3
8205,545,512.0,21,1,0,8.0,8.0,9.0,8.0,6.0,20.0,20.0,20.0,20.0,5.0,3
8206,545,513.0,21,1,0,8.0,8.0,9.0,8.0,6.0,20.0,20.0,20.0,20.0,5.0,3
8207,545,514.0,21,1,0,8.0,8.0,9.0,8.0,6.0,20.0,20.0,20.0,15.0,5.0,3
8208,545,515.0,21,1,0,8.0,8.0,9.0,8.0,6.0,20.0,20.0,20.0,15.0,10.0,3
8211,545,518.0,21,1,0,8.0,8.0,9.0,8.0,6.0,20.0,25.0,25.0,30.0,5.0,3
8212,545,519.0,21,1,0,8.0,8.0,9.0,8.0,6.0,40.0,5.0,30.0,15.0,5.0,3
8214,545,521.0,21,1,1,8.0,8.0,9.0,8.0,6.0,10.0,30.0,20.0,15.0,15.0,3
8215,545,522.0,21,1,1,8.0,8.0,9.0,8.0,6.0,10.0,20.0,15.0,20.0,15.0,3
8218,545,525.0,21,1,0,8.0,8.0,9.0,8.0,6.0,10.0,15.0,30.0,20.0,15.0,3
8227,546,512.0,21,1,0,9.0,8.0,8.0,10.0,7.0,20.0,20.0,20.0,20.0,5.0,3
8228,546,513.0,21,1,1,9.0,8.0,8.0,10.0,7.0,20.0,20.0,20.0,20.0,5.0,3
8229,546,514.0,21,1,0,9.0,8.0,8.0,10.0,7.0,20.0,20.0,20.0,15.0,5.0,3
8230,546,515.0,21,1,0,9.0,8.0,8.0,10.0,7.0,20.0,20.0,20.0,15.0,10.0,3
8233,546,518.0,21,1,1,9.0,8.0,8.0,10.0,7.0,20.0,25.0,25.0,30.0,5.0,3
8234,546,519.0,21,1,0,9.0,8.0,8.0,10.0,7.0,40.0,5.0,30.0,15.0,5.0,3
8236,546,521.0,21,1,0,9.0,8.0,8.0,10.0,7.0,10.0,30.0,20.0,15.0,15.0,3
8237,546,522.0,21,1,1,9.0,8.0,8.0,10.0,7.0,10.0,20.0,15.0,20.0,15.0,3
8240,546,525.0,21,1,0,9.0,8.0,8.0,10.0,7.0,10.0,15.0,30.0,20.0,15.0,3
8249,547,512.0,21,1,1,7.0,9.0,8.0,8.0,8.0,20.0,20.0,20.0,20.0,5.0,3
8250,547,513.0,21,1,0,7.0,9.0,8.0,8.0,8.0,20.0,20.0,20.0,20.0,5.0,3
8251,547,514.0,21,1,0,7.0,9.0,8.0,8.0,8.0,20.0,20.0,20.0,15.0,5.0,3
8252,547,515.0,21,1,0,7.0,9.0,8.0,8.0,8.0,20.0,20.0,20.0,15.0,10.0,3
8255,547,518.0,21,1,1,7.0,9.0,8.0,8.0,8.0,20.0,25.0,25.0,30.0,5.0,3
8256,547,519.0,21,1,0,7.0,9.0,8.0,8.0,8.0,40.0,5.0,30.0,15.0,5.0,3
8258,547,521.0,21,1,0,7.0,9.0,8.0,8.0,8.0,10.0,30.0,20.0,15.0,15.0,3
8259,547,522.0,21,1,0,7.0,9.0,8.0,8.0,8.0,10.0,20.0,15.0,20.0,15.0,3
8262,547,525.0,21,1,0,7.0,9.0,8.0,8.0,8.0,10.0,15.0,30.0,20.0,15.0,3
8271,548,512.0,21,1,0,10.0,10.0,10.0,10.0,10.0,20.0,20.0,20.0,20.0,5.0,3
8272,548,513.0,21,1,0,10.0,10.0,10.0,10.0,10.0,20.0,20.0,20.0,20.0,5.0,3
8273,548,514.0,21,1,0,10.0,10.0,10.0,10.0,10.0,20.0,20.0,20.0,15.0,5.0,3
8274,548,515.0,21,1,0,10.0,10.0,10.0,10.0,10.0,20.0,20.0,20.0,15.0,10.0,3
8277,548,518.0,21,1,1,10.0,10.0,10.0,10.0,10.0,20.0,25.0,25.0,30.0,5.0,3
8278,548,519.0,21,1,0,10.0,10.0,10.0,10.0,10.0,40.0,5.0,30.0,15.0,5.0,3
8280,548,521.0,21,1,1,10.0,10.0,10.0,10.0,10.0,10.0,30.0,20.0,15.0,15.0,3
8281,548,522.0,21,1,0,10.0,10.0,10.0,10.0,10.0,10.0,20.0,15.0,20.0,15.0,3
8284,548,525.0,21,1,0,10.0,10.0,10.0,10.0,10.0,10.0,15.0,30.0,20.0,15.0,3
8293,549,512.0,21,1,0,7.0,10.0,9.0,8.0,9.0,20.0,20.0,20.0,20.0,5.0,3
8294,549,513.0,21,1,0,7.0,10.0,9.0,8.0,9.0,20.0,20.0,20.0,20.0,5.0,3
8295,549,514.0,21,1,0,7.0,10.0,9.0,8.0,9.0,20.0,20.0,20.0,15.0,5.0,3
8296,549,515.0,21,1,0,7.0,10.0,9.0,8.0,9.0,20.0,20.0,20.0,15.0,10.0,3
8299,549,518.0,21,1,1,7.0,10.0,9.0,8.0,9.0,20.0,25.0,25.0,30.0,5.0,3
8300,549,519.0,21,1,0,7.0,10.0,9.0,8.0,9.0,40.0,5.0,30.0,15.0,5.0,3
8302,549,521.0,21,1,0,7.0,10.0,9.0,8.0,9.0,10.0,30.0,20.0,15.0,15.0,3
8303,549,522.0,21,1,1,7.0,10.0,9.0,8.0,9.0,10.0,20.0,15.0,20.0,15.0,3
8306,549,525.0,21,1,0,7.0,10.0,9.0,8.0,9.0,10.0,15.0,30.0,20.0,15.0,3
8315,550,512.0,21,1,0,7.0,7.0,7.0,7.0,7.0,20.0,20.0,20.0,20.0,5.0,3
8316,550,513.0,21,1,1,7.0,7.0,7.0,7.0,7.0,20.0,20.0,20.0,20.0,5.0,3
8317,550,514.0,21,1,0,7.0,7.0,7.0,7.0,7.0,20.0,20.0,20.0,15.0,5.0,3
8318,550,515.0,21,1,0,7.0,7.0,7.0,7.0,7.0,20.0,20.0,20.0,15.0,10.0,3
8321,550,518.0,21,1,1,7.0,7.0,7.0,7.0,7.0,20.0,25.0,25.0,30.0,5.0,3
8322,550,519.0,21,1,0,7.0,7.0,7.0,7.0,7.0,40.0,5.0,30.0,15.0,5.0,3
8324,550,521.0,21,1,1,7.0,7.0,7.0,7.0,7.0,10.0,30.0,20.0,15.0,15.0,3
8325,550,522.0,21,1,0,7.0,7.0,7.0,7.0,7.0,10.0,20.0,15.0,20.0,15.0,3
8328,550,525.0,21,1,0,7.0,7.0,7.0,7.0,7.0,10.0,15.0,30.0,20.0,15.0,3
8359,552,512.0,21,1,0,8.0,7.0,7.0,6.0,7.0,20.0,20.0,20.0,20.0,5.0,3
8360,552,513.0,21,1,1,8.0,7.0,7.0,6.0,7.0,20.0,20.0,20.0,20.0,5.0,3
8361,552,514.0,21,1,0,8.0,7.0,7.0,6.0,7.0,20.0,20.0,20.0,15.0,5.0,3
8362,552,515.0,21,1,1,8.0,7.0,7.0,6.0,7.0,20.0,20.0,20.0,15.0,10.0,3
8365,552,518.0,21,1,0,8.0,7.0,7.0,6.0,7.0,20.0,25.0,25.0,30.0,5.0,3
8366,552,519.0,21,1,0,8.0,7.0,7.0,6.0,7.0,40.0,5.0,30.0,15.0,5.0,3
8368,552,521.0,21,1,0,8.0,7.0,7.0,6.0,7.0,10.0,30.0,20.0,15.0,15.0,3
8369,552,522.0,21,1,0,8.0,7.0,7.0,6.0,7.0,10.0,20.0,15.0,20.0,15.0,3
8372,552,525.0,21,1,0,8.0,7.0,7.0,6.0,7.0,10.0,15.0,30.0,20.0,15.0,3
