,iid,gender,match,attr3_1,sinc3_1,intel3_1,fun3_1,amb3_1,tmp_att,tmp_sin,tmp_int,tmp_fun,tmp_amb,tmp_sha,tmp2_attr,tmp2_sinc,tmp2_intel,tmp2_fun,tmp2_amb,tmp2_shar,tmp2_like
0,1,0.0,100.0,6.0,8.0,8.0,8.0,7.0,15.0,20.0,20.0,15.0,15.0,15.0,10.0,10.0,10.0,10.0,10.0,10.0,10.0
1,2,0.0,25.0,7.0,5.0,8.0,10.0,3.0,45.0,5.0,25.0,20.0,0.0,5.0,7.125,6.375,7.375,6.875,7.25,5.875,7.0
2,3,0.0,0.0,8.0,9.0,9.0,8.0,8.0,35.0,10.0,35.0,10.0,10.0,0.0,6.125,6.375,6.875,5.75,6.75,5.5,5.5
3,4,0.0,25.0,7.0,8.0,7.0,9.0,8.0,20.0,20.0,20.0,20.0,10.0,10.0,6.5,6.625,7.25,7.125,7.375,6.625,6.75
4,5,0.0,25.0,6.0,3.0,10.0,6.0,8.0,20.0,5.0,25.0,25.0,10.0,15.0,4.75,7.25,7.125,6.875,7.375,5.875,5.75
5,6,0.0,0.0,5.0,7.0,9.0,8.0,5.0,10.0,25.0,20.0,25.0,5.0,15.0,10.0,10.0,10.0,10.0,10.0,10.0,10.0
6,7,0.0,0.0,6.0,6.0,7.0,5.0,7.0,15.0,15.0,25.0,20.0,15.0,10.0,10.0,10.0,10.0,10.0,10.0,10.0,10.0
7,8,0.0,75.0,7.0,4.0,8.0,8.0,8.0,9.09,18.18,27.27,18.18,18.18,9.09,7.875,7.375,7.875,7.5,7.125,6.375,7.25
8,10,0.0,50.0,6.0,8.0,6.0,10.0,9.0,15.0,15.0,15.0,40.0,10.0,5.0,5.857142857142857,6.142857142857143,5.428571428571429,5.714285714285714,5.285714285714286,5.0,5.428571428571429
9,11,1.0,0.0,8.0,9.0,8.0,7.0,5.0,35.0,20.0,20.0,20.0,0.0,5.0,5.2,8.4,8.2,4.4,6.2,5.2,6.2
10,12,1.0,16.66666666666666,9.0,9.0,10.0,9.0,9.0,60.0,0.0,0.0,40.0,0.0,0.0,8.2,6.4,7.2,7.6,7.2,6.6,7.4
11,13,1.0,33.33333333333333,4.0,7.0,8.0,8.0,3.0,19.0,18.0,19.0,18.0,14.0,12.0,4.0,7.0,8.666666666666666,6.333333333333333,5.333333333333333,5.666666666666667,6.666666666666667
12,14,1.0,66.66666666666666,9.0,9.0,9.0,9.0,9.0,30.0,5.0,15.0,40.0,5.0,5.0,8.0,7.4,6.6,7.2,6.8,7.6,7.2
13,16,1.0,20.0,6.0,6.0,8.0,8.0,6.0,50.0,0.0,30.0,10.0,0.0,10.0,6.4,8.2,8.2,4.8,7.2,5.6,6.2
14,17,1.0,0.0,7.0,7.0,8.0,6.0,4.0,35.0,15.0,25.0,10.0,5.0,10.0,6.8,7.4,9.0,6.0,7.2,7.2,6.6
15,18,1.0,16.66666666666666,6.0,8.0,8.0,6.0,9.0,33.33,11.11,11.11,11.11,11.11,22.22,5.4,7.4,7.8,5.6,7.8,6.0,6.0
16,19,1.0,83.33333333333334,10.0,6.0,10.0,10.0,10.0,50.0,0.0,25.0,10.0,0.0,15.0,8.166666666666666,7.5,8.0,9.0,7.333333333333333,8.166666666666666,7.833333333333333
17,20,1.0,16.66666666666666,7.0,7.0,10.0,10.0,10.0,100.0,0.0,0.0,0.0,0.0,0.0,7.833333333333333,7.333333333333333,8.333333333333334,8.333333333333334,8.166666666666666,7.333333333333333,8.833333333333334
18,21,0.0,0.0,5.0,9.0,9.0,7.0,10.0,12.0,18.0,20.0,16.0,16.0,18.0,4.0,9.0,9.0,5.0,6.333333333333333,4.333333333333333,5.333333333333333
19,22,0.0,0.0,7.0,8.0,8.0,7.0,7.0,20.0,20.0,20.0,10.0,10.0,20.0,5.0,8.0,9.0,7.0,10.0,8.0,7.0
20,23,0.0,0.0,5.0,8.0,7.0,6.0,8.0,10.0,20.0,40.0,10.0,10.0,10.0,6.0,6.0,5.5,6.5,5.5,3.0,3.5
21,24,0.0,0.0,7.0,9.0,8.0,9.0,8.0,10.0,20.0,20.0,15.0,20.0,15.0,6.555555555555555,6.555555555555555,7.333333333333333,6.222222222222222,6.555555555555555,5.666666666666667,6.222222222222222
22,25,0.0,0.0,7.0,9.0,8.0,7.0,6.0,20.0,20.0,15.0,15.0,15.0,15.0,7.666666666666667,6.666666666666667,6.777777777777778,7.0,5.666666666666667,4.555555555555555,6.722222222222222
23,26,0.0,0.0,7.0,8.0,8.0,8.0,8.0,20.0,20.0,20.0,15.0,15.0,10.0,7.555555555555555,6.666666666666667,7.222222222222222,7.222222222222222,6.111111111111111,5.777777777777778,7.277777777777778
24,29,0.0,33.33333333333333,6.0,9.0,7.0,8.0,8.0,20.0,22.0,18.0,15.0,15.0,10.0,5.7,7.0,6.4,6.0,6.4,4.7,6.1
25,30,0.0,0.0,7.0,8.0,8.0,9.0,8.0,10.0,20.0,20.0,20.0,20.0,10.0,5.777777777777778,6.444444444444445,7.0,5.555555555555555,6.777777777777778,4.666666666666667,5.777777777777778
26,31,0.0,10.0,8.0,8.0,8.0,9.0,9.0,35.0,10.0,20.0,20.0,10.0,5.0,7.888888888888889,7.111111111111111,7.333333333333333,6.222222222222222,6.888888888888889,5.888888888888889,7.222222222222222
27,32,0.0,0.0,7.0,5.0,9.0,9.0,7.0,50.0,0.0,50.0,0.0,0.0,0.0,6.666666666666667,8.666666666666666,9.333333333333334,7.333333333333333,8.333333333333334,4.666666666666667,5.333333333333333
28,33,0.0,0.0,6.0,8.0,8.0,6.0,8.0,30.0,20.0,30.0,10.0,0.0,10.0,5.555555555555555,7.0,7.333333333333333,6.0,6.666666666666667,5.777777777777778,5.888888888888889
29,34,0.0,50.0,7.0,7.0,7.0,7.0,8.0,30.0,5.0,30.0,15.0,15.0,5.0,7.333333333333333,8.0,6.666666666666667,6.666666666666667,6.333333333333333,4.333333333333333,5.333333333333333
30,35,0.0,30.0,8.0,9.0,9.0,9.0,7.0,20.0,23.0,23.0,22.0,7.0,5.0,7.555555555555555,6.222222222222222,7.666666666666667,5.222222222222222,7.0,5.222222222222222,6.222222222222222
31,36,0.0,10.0,8.0,7.0,8.0,8.0,6.0,20.0,25.0,20.0,15.0,15.0,5.0,6.5,6.8,7.0,5.9,6.9,5.2,6.2
32,37,0.0,20.0,7.0,8.0,9.0,7.0,5.0,10.0,10.0,30.0,25.0,10.0,15.0,4.888888888888889,7.111111111111111,7.111111111111111,5.555555555555555,6.666666666666667,5.666666666666667,6.111111111111111
33,38,0.0,100.0,8.0,2.0,8.0,7.0,8.0,50.0,10.0,20.0,10.0,10.0,0.0,8.0,10.0,10.0,10.0,10.0,10.0,10.0
34,40,1.0,0.0,3.0,10.0,9.0,8.0,5.0,25.0,20.0,25.0,20.0,10.0,0.0,5.5,7.5,6.5,7.5,5.5,7.0,8.5
35,42,1.0,0.0,6.0,9.0,8.0,6.0,4.0,20.0,25.0,20.0,15.0,10.0,10.0,6.333333333333333,6.333333333333333,6.666666666666667,6.666666666666667,6.666666666666667,6.0,6.833333333333333
36,43,1.0,0.0,3.0,8.0,7.0,3.0,2.0,25.0,35.0,30.0,10.0,0.0,0.0,3.75,5.625,6.625,3.875,6.25,4.0,4.375
37,44,1.0,22.22222222222222,7.0,9.0,9.0,8.0,9.0,25.0,15.0,25.0,25.0,15.0,15.0,5.0,6.333333333333333,6.555555555555555,4.666666666666667,6.444444444444445,4.0,5.111111111111111
38,45,1.0,20.0,7.0,8.0,8.0,6.0,7.0,25.0,15.0,25.0,15.0,0.0,20.0,5.0,5.888888888888889,6.666666666666667,3.4444444444444446,6.555555555555555,4.333333333333333,4.888888888888889
39,46,1.0,10.0,7.0,8.0,7.0,5.0,7.0,20.0,35.0,20.0,10.0,10.0,5.0,7.125,6.25,7.25,6.25,6.25,5.125,6.375
40,47,1.0,0.0,8.0,7.0,9.0,9.0,3.0,20.0,20.0,25.0,25.0,5.0,5.0,3.4444444444444446,5.444444444444445,6.333333333333333,5.555555555555555,6.444444444444445,4.555555555555555,5.222222222222222
41,48,1.0,0.0,7.0,9.0,7.0,6.0,6.0,30.0,15.0,25.0,25.0,5.0,0.0,7.0,6.333333333333333,6.111111111111111,7.0,5.888888888888889,5.888888888888889,6.444444444444445
42,49,1.0,25.0,7.0,10.0,10.0,10.0,8.0,20.0,20.0,20.0,20.0,5.0,15.0,7.25,8.0,8.25,8.0,7.25,6.75,7.75
43,51,1.0,10.0,6.0,8.0,10.0,2.0,2.0,25.0,10.0,35.0,15.0,0.0,15.0,6.0,5.444444444444445,6.555555555555555,4.333333333333333,6.444444444444445,5.333333333333333,5.333333333333333
44,52,1.0,10.0,5.0,8.0,8.0,6.0,7.0,15.0,20.0,15.0,30.0,5.0,15.0,4.111111111111111,6.777777777777778,7.333333333333333,5.444444444444445,6.111111111111111,5.666666666666667,6.0
45,53,1.0,10.0,8.0,9.0,8.0,8.0,8.0,40.0,15.0,20.0,10.0,5.0,10.0,7.375,7.5,7.5,6.125,7.25,5.5,6.9375
46,54,1.0,0.0,8.0,9.0,8.0,8.0,8.0,40.0,20.0,20.0,20.0,0.0,0.0,4.222222222222222,6.0,6.444444444444445,4.111111111111111,6.111111111111111,5.111111111111111,5.0
47,55,1.0,50.0,6.0,10.0,9.0,10.0,10.0,20.0,25.0,25.0,10.0,10.0,10.0,7.0,7.5,7.5,7.5,8.0,7.5,8.0
48,56,0.0,33.33333333333333,10.0,10.0,8.0,9.0,5.0,17.0,18.0,18.0,15.0,17.0,15.0,7.8,7.8,7.2,7.0,7.4,5.2,6.8
49,57,0.0,16.66666666666666,6.0,10.0,9.0,10.0,10.0,10.0,20.0,20.0,20.0,15.0,15.0,5.8,7.8,7.0,6.4,6.4,5.4,6.4
50,61,0.0,16.66666666666666,7.0,10.0,10.0,7.0,7.0,15.0,15.0,20.0,15.0,15.0,20.0,4.333333333333333,7.666666666666667,8.166666666666666,5.5,6.333333333333333,4.5,5.666666666666667
51,62,0.0,0.0,9.0,9.0,9.0,9.0,9.0,30.0,10.0,20.0,20.0,10.0,10.0,9.0,8.0,8.0,8.0,7.0,5.0,8.0
52,65,0.0,0.0,7.0,9.0,8.0,9.0,9.0,17.0,17.0,17.0,17.0,17.0,15.0,6.5,6.5,6.5,8.0,6.5,6.0,6.0
53,66,1.0,0.0,6.0,7.0,8.0,7.0,8.0,20.0,25.0,15.0,15.0,53.0,20.0,6.0,7.0,7.0,7.0,8.0,6.0,6.0
54,67,1.0,0.0,5.0,7.0,7.0,6.0,7.0,20.0,15.0,20.0,20.0,5.0,10.0,6.0,7.0,7.0,7.0,7.0,6.0,6.0
55,69,1.0,0.0,5.0,9.0,8.0,5.0,8.0,50.0,10.0,30.0,10.0,0.0,0.0,7.333333333333333,8.666666666666666,7.666666666666667,7.0,8.333333333333334,6.666666666666667,7.666666666666667
56,70,1.0,33.33333333333333,8.0,6.0,9.0,8.0,6.0,25.0,10.0,20.0,20.0,15.0,10.0,6.0,7.333333333333333,8.333333333333334,9.0,9.333333333333334,7.0,8.0
57,71,1.0,66.66666666666666,6.0,8.0,10.0,8.0,10.0,60.0,15.0,0.0,15.0,0.0,10.0,6.333333333333333,9.333333333333334,8.333333333333334,7.333333333333333,7.666666666666667,6.333333333333333,6.333333333333333
58,72,1.0,0.0,7.0,9.0,8.0,8.0,8.0,21.0,20.0,19.0,20.0,10.0,10.0,6.666666666666667,9.0,7.666666666666667,7.0,7.333333333333333,6.0,5.666666666666667
59,73,1.0,0.0,7.0,7.0,7.0,8.0,8.0,30.0,10.0,20.0,30.0,0.0,10.0,6.666666666666667,8.333333333333334,8.666666666666666,8.666666666666666,9.333333333333334,6.666666666666667,6.0
60,74,1.0,0.0,7.0,9.0,8.0,9.0,7.0,30.0,0.0,30.0,30.0,10.0,0.0,5.333333333333333,9.0,8.333333333333334,7.0,7.0,5.333333333333333,6.333333333333333
61,75,1.0,0.0,7.0,7.0,8.0,8.0,8.0,20.0,20.0,20.0,20.0,10.0,10.0,5.0,8.0,7.0,6.0,8.0,5.0,5.0
62,76,0.0,0.0,6.0,6.0,8.0,6.0,4.0,10.0,10.0,30.0,20.0,10.0,20.0,5.888888888888889,7.111111111111111,7.888888888888889,7.444444444444445,6.444444444444445,6.333333333333333,6.444444444444445
63,77,0.0,33.33333333333333,6.0,8.0,8.0,8.0,8.0,15.0,20.0,20.0,20.0,15.0,10.0,6.111111111111111,6.888888888888889,7.222222222222222,6.888888888888889,6.777777777777778,6.222222222222222,5.833333333333333
65,79,0.0,0.0,7.0,9.0,7.0,8.0,7.0,10.0,20.0,15.0,20.0,20.0,15.0,5.666666666666667,7.666666666666667,6.666666666666667,6.666666666666667,5.333333333333333,7.0,6.666666666666667
66,80,0.0,33.33333333333333,8.0,8.0,8.0,8.0,8.0,10.0,20.0,20.0,10.0,20.0,20.0,6.0,7.333333333333333,6.666666666666667,5.666666666666667,6.333333333333333,5.0,5.333333333333333
67,81,0.0,33.33333333333333,8.0,7.0,7.0,8.0,7.0,10.0,10.0,20.0,20.0,20.0,20.0,7.777777777777778,7.111111111111111,7.333333333333333,7.111111111111111,7.444444444444445,7.111111111111111,7.333333333333333
68,82,0.0,0.0,8.0,9.0,8.0,8.0,7.0,20.0,20.0,20.0,20.0,10.0,10.0,6.0,9.0,9.0,8.0,8.0,7.0,7.0
69,83,0.0,0.0,5.0,9.0,5.0,9.0,5.0,10.0,32.0,20.0,12.0,11.0,15.0,10.0,10.0,10.0,10.0,10.0,10.0,10.0
70,84,0.0,0.0,7.0,9.0,8.0,7.0,5.0,30.0,30.0,30.0,5.0,0.0,5.0,8.5,8.5,9.0,8.0,8.0,8.0,9.0
71,85,0.0,11.11111111111111,7.0,9.0,8.0,9.0,9.0,20.0,25.0,15.0,15.0,15.0,10.0,6.0,7.0,6.875,5.625,5.625,5.625,5.625
72,86,0.0,55.55555555555556,7.0,9.0,9.0,9.0,4.0,15.0,20.0,20.0,20.0,5.0,20.0,7.0,7.555555555555555,7.777777777777778,7.333333333333333,7.333333333333333,6.555555555555555,7.444444444444445
73,87,0.0,22.22222222222222,9.0,9.0,9.0,9.0,9.0,15.0,15.0,20.0,15.0,15.0,20.0,7.625,7.25,6.875,7.0,6.5,5.3125,6.875
74,88,0.0,0.0,9.0,9.0,9.0,9.0,9.0,15.0,15.0,20.0,15.0,20.0,15.0,6.555555555555555,7.111111111111111,6.777777777777778,6.444444444444445,6.555555555555555,6.111111111111111,6.333333333333333
75,89,0.0,22.22222222222222,8.0,9.0,9.0,8.0,10.0,25.0,15.0,20.0,20.0,20.0,0.0,6.333333333333333,6.777777777777778,7.444444444444445,5.444444444444445,6.888888888888889,4.555555555555555,5.888888888888889
76,90,0.0,25.0,5.0,8.0,7.0,5.0,5.0,15.0,21.0,18.0,18.0,10.0,18.0,5.25,8.25,7.75,4.75,6.0,4.75,5.0
77,92,0.0,44.44444444444444,9.0,10.0,9.0,9.0,9.0,10.0,20.0,20.0,20.0,20.0,10.0,7.375,7.25,7.25,6.375,7.0,6.25,6.75
78,93,0.0,25.0,8.0,8.0,8.0,8.0,7.0,14.0,20.0,18.0,24.0,18.0,6.0,6.5,7.277777777777778,7.333333333333333,7.388888888888889,7.055555555555555,6.555555555555555,6.777777777777778
79,94,1.0,0.0,6.0,9.0,9.0,9.0,7.0,20.0,20.0,20.0,10.0,10.0,20.0,2.5,5.5,6.0,3.0,9.0,2.5,3.5
80,95,1.0,10.0,7.0,9.0,10.0,8.0,7.0,18.0,18.0,18.0,19.0,13.0,14.0,4.333333333333333,7.111111111111111,6.888888888888889,5.0,6.555555555555555,4.777777777777778,4.777777777777778
81,96,1.0,0.0,7.0,9.0,9.0,9.0,9.0,10.0,20.0,20.0,22.0,6.0,22.0,3.6666666666666665,7.0,8.333333333333334,4.333333333333333,7.333333333333333,4.333333333333333,6.0
82,97,1.0,40.0,7.0,5.0,6.0,7.0,6.0,50.0,7.0,20.0,23.0,0.0,0.0,6.75,7.25,8.0,7.25,7.5,6.0,5.75
83,99,1.0,50.0,10.0,10.0,10.0,10.0,8.0,30.0,30.0,20.0,10.0,10.0,0.0,8.333333333333334,7.888888888888889,7.888888888888889,7.333333333333333,8.0,7.333333333333333,8.11111111111111
84,100,1.0,0.0,7.0,8.0,9.0,8.0,6.0,20.0,25.0,25.0,15.0,5.0,10.0,5.0,10.0,10.0,9.0,10.0,8.0,9.0
85,101,1.0,0.0,8.0,8.0,9.0,8.0,9.0,40.0,8.0,10.0,12.0,10.0,20.0,4.666666666666667,7.333333333333333,7.0,5.0,6.0,5.0,5.333333333333333
86,102,1.0,0.0,8.0,5.0,10.0,7.0,9.0,30.0,10.0,30.0,20.0,10.0,0.0,4.222222222222222,7.666666666666667,7.666666666666667,4.888888888888889,6.333333333333333,3.7777777777777777,4.611111111111111
87,103,1.0,0.0,8.0,8.0,9.0,8.0,9.0,40.0,5.0,20.0,10.0,10.0,15.0,6.666666666666667,7.111111111111111,7.111111111111111,6.222222222222222,7.333333333333333,4.444444444444445,5.777777777777778
88,104,1.0,40.0,9.0,8.0,9.0,7.0,9.0,20.0,15.0,25.0,15.0,20.0,5.0,6.777777777777778,7.333333333333333,7.333333333333333,6.777777777777778,6.666666666666667,5.777777777777778,6.444444444444445
89,106,1.0,0.0,4.0,7.0,9.0,3.0,2.0,10.0,20.0,35.0,10.0,5.0,20.0,4.5,7.0,8.0,7.0,6.5,6.5,4.5
90,107,1.0,60.0,7.0,9.0,9.0,9.0,6.0,19.0,24.0,21.0,23.0,5.0,8.0,7.0,8.222222222222221,8.0,8.333333333333334,7.555555555555555,6.888888888888889,7.444444444444445
91,108,1.0,20.0,4.0,8.0,7.0,3.0,2.0,10.0,20.0,35.0,20.0,0.0,15.0,7.6,7.7,7.3,7.0,7.7,6.1,7.0
92,109,1.0,66.66666666666666,6.0,9.0,9.0,8.0,8.0,15.0,10.0,30.0,10.0,5.0,30.0,6.333333333333333,6.666666666666667,6.666666666666667,6.0,6.333333333333333,6.666666666666667,6.666666666666667
93,110,1.0,28.57142857142857,7.0,9.0,8.0,8.0,7.0,20.0,20.0,15.0,15.0,5.0,25.0,6.111111111111111,7.333333333333333,7.666666666666667,7.777777777777778,7.111111111111111,5.777777777777778,6.777777777777778
94,111,1.0,0.0,5.0,8.0,8.0,5.0,5.0,20.0,20.0,20.0,20.0,10.0,10.0,6.333333333333333,8.0,7.0,6.666666666666667,7.0,7.333333333333333,6.666666666666667
95,112,0.0,100.0,9.0,10.0,9.0,9.0,9.0,15.0,15.0,20.0,25.0,10.0,15.0,9.0,9.0,9.0,9.0,9.0,9.0,9.0
96,113,0.0,75.0,8.0,10.0,8.0,10.0,9.0,15.0,15.0,25.0,25.0,15.0,5.0,6.6,7.6,7.6,7.2,7.0,6.4,6.6
97,115,0.0,75.0,8.0,7.0,9.0,8.0,8.0,20.0,10.0,30.0,20.0,15.0,5.0,7.8,7.0,7.2,8.6,7.2,8.0,7.4
98,116,0.0,50.0,8.0,9.0,9.0,8.0,9.0,15.0,15.0,25.0,25.0,20.0,0.0,7.75,7.5,8.0,8.25,7.5,7.0,7.5
99,117,0.0,25.0,8.0,7.0,8.0,8.0,8.0,20.0,10.0,20.0,20.0,20.0,10.0,8.0,7.2,8.0,8.6,7.8,8.0,8.0
100,121,0.0,0.0,2.0,9.0,7.0,9.0,9.0,35.0,15.0,5.0,30.0,15.0,0.0,5.2,7.8,7.4,4.8,5.6,4.0,4.8
101,122,1.0,100.0,7.0,10.0,8.0,8.0,8.0,40.0,15.0,10.0,20.0,5.0,10.0,7.0,7.0,7.0,9.0,7.0,8.0,8.0
102,125,1.0,80.0,9.0,6.0,9.0,10.0,10.0,20.0,15.0,20.0,15.0,12.0,18.0,9.2,9.4,9.6,9.4,9.2,7.8,9.4
103,126,1.0,20.0,9.0,10.0,9.0,9.0,9.0,25.0,40.0,15.0,10.0,5.0,5.0,6.4,9.0,9.4,7.2,8.8,6.2,7.6
104,127,1.0,40.0,8.0,8.0,9.0,9.0,8.0,25.0,25.0,25.0,15.0,5.0,5.0,7.4,6.0,6.4,6.6,6.2,5.6,6.2
105,128,1.0,40.0,8.0,7.0,8.0,7.0,7.0,40.0,15.0,10.0,20.0,10.0,5.0,7.6,9.2,8.4,6.6,6.8,4.8,7.4
107,132,0.0,50.0,8.0,10.0,9.0,10.0,10.0,16.67,16.67,16.67,16.67,16.67,16.67,7.5,7.0,5.5,6.5,6.5,5.5,7.5
108,133,0.0,0.0,6.0,8.0,8.0,7.0,7.0,12.77,19.15,17.02,17.02,14.89,19.15,6.0,10.0,10.0,6.0,7.0,5.0,7.0
109,134,0.0,0.0,7.0,8.0,8.0,8.0,8.0,6.67,20.0,20.0,17.78,20.0,15.56,3.0,8.0,8.0,2.0,7.0,1.0,1.0
110,137,1.0,0.0,7.0,9.0,9.0,8.0,8.0,17.39,17.39,15.22,17.39,13.04,19.57,7.0,7.0,7.0,8.0,6.0,8.0,7.0
111,138,1.0,0.0,8.0,8.0,8.0,8.0,8.0,20.0,20.0,20.0,20.0,6.67,13.33,7.5,8.0,8.5,8.0,7.5,8.0,7.5
112,140,1.0,100.0,7.0,7.0,8.0,9.0,8.0,18.6,16.28,18.6,18.6,11.63,16.28,8.0,9.0,9.0,9.0,9.5,7.5,8.5
113,142,0.0,54.54545454545454,9.0,9.0,10.0,9.0,7.0,14.29,14.29,21.43,21.43,19.05,9.52,7.888888888888889,7.333333333333333,7.777777777777778,7.0,6.444444444444445,5.555555555555555,6.888888888888889
114,143,0.0,0.0,7.0,10.0,8.0,7.0,7.0,8.33,20.83,20.83,14.58,16.67,18.75,5.111111111111111,8.0,7.666666666666667,5.555555555555555,6.777777777777778,5.444444444444445,5.111111111111111
115,144,0.0,0.0,7.0,8.0,9.0,8.0,9.0,16.0,16.0,16.0,18.0,18.0,16.0,6.727272727272728,7.636363636363637,8.181818181818182,7.090909090909091,6.181818181818182,6.181818181818182,6.363636363636363
116,145,0.0,0.0,5.0,5.0,9.0,7.0,7.0,11.36,18.18,22.73,18.18,11.36,18.18,5.6,7.5,8.1,5.9,6.3,5.1,5.6
117,146,0.0,100.0,8.0,8.0,8.0,8.0,8.0,18.18,18.18,18.18,18.18,13.64,13.64,5.7,7.2,7.7,5.3,6.2,5.7,5.9
118,147,0.0,0.0,8.0,7.0,9.0,8.0,7.0,18.0,18.0,20.0,18.0,16.0,10.0,5.333333333333333,7.0,7.333333333333333,7.0,6.0,6.333333333333333,5.333333333333333
119,148,0.0,0.0,8.0,9.0,9.0,9.0,8.0,15.089999999999998,16.98,16.98,18.87,18.87,13.21,6.333333333333333,6.666666666666667,7.333333333333333,6.0,6.666666666666667,5.666666666666667,6.333333333333333
120,149,0.0,14.28571428571428,8.0,8.0,8.0,8.0,8.0,8.51,19.15,19.15,19.15,19.15,14.89,7.8,7.2,7.8,6.6,6.9,6.7,7.6
121,150,0.0,25.0,7.0,9.0,9.0,8.0,8.0,12.0,20.0,20.0,20.0,14.0,14.0,7.5,7.9,8.5,7.1,7.2,5.4,6.9
122,151,0.0,11.11111111111111,9.0,10.0,10.0,10.0,8.0,14.550000000000002,16.36,18.18,18.18,16.36,16.36,9.0,8.333333333333334,7.666666666666667,7.777777777777778,6.777777777777778,5.444444444444445,7.666666666666667
123,152,0.0,0.0,7.0,9.0,10.0,8.0,8.0,14.0,20.0,20.0,14.0,18.0,14.0,6.0,7.0,6.666666666666667,5.666666666666667,6.333333333333333,5.0,5.0
124,153,0.0,0.0,7.0,7.0,7.0,6.0,6.0,9.76,19.51,19.51,14.63,19.51,17.07,5.666666666666667,7.0,6.666666666666667,5.0,6.0,5.0,5.333333333333333
125,154,0.0,54.54545454545454,8.0,9.0,9.0,9.0,9.0,15.38,17.31,17.31,17.31,17.31,15.38,8.0,8.2,7.6,7.5,7.6,5.9,7.2
126,155,0.0,9.09090909090909,7.0,10.0,8.0,6.0,9.0,15.09,18.87,18.87,16.98,16.98,13.21,7.777777777777778,7.444444444444445,7.222222222222222,6.888888888888889,6.444444444444445,5.777777777777778,6.888888888888889
127,156,0.0,100.0,8.0,10.0,9.0,10.0,10.0,14.0,18.0,16.0,18.0,18.0,16.0,8.0,10.0,8.0,9.0,9.0,10.0,8.0
128,157,0.0,0.0,7.0,8.0,8.0,9.0,9.0,14.29,16.33,16.33,18.37,18.37,16.33,5.666666666666667,6.333333333333333,6.666666666666667,6.333333333333333,7.333333333333333,5.666666666666667,6.333333333333333
129,158,1.0,0.0,7.0,9.0,9.0,7.0,6.0,19.05,19.05,19.05,19.05,9.52,14.29,4.333333333333333,6.666666666666667,7.5,3.8333333333333335,6.666666666666667,4.333333333333333,4.166666666666667
130,159,1.0,0.0,5.0,9.0,9.0,8.0,7.0,15.91,20.45,20.45,20.45,11.36,11.36,4.285714285714286,7.571428571428571,8.142857142857142,6.0,7.285714285714286,5.142857142857143,5.571428571428571
131,160,1.0,100.0,8.0,8.0,8.0,9.0,9.0,16.0,18.0,18.0,18.0,14.0,16.0,7.0,10.0,10.0,9.0,10.0,10.0,8.0
132,161,1.0,20.0,8.0,7.0,9.0,9.0,7.0,16.67,18.75,18.75,18.75,18.75,8.33,8.444444444444445,7.333333333333333,8.222222222222221,8.555555555555555,7.444444444444445,6.888888888888889,8.11111111111111
133,162,1.0,0.0,7.0,8.0,9.0,7.0,8.0,15.22,15.22,19.57,17.39,13.04,19.57,4.75,6.0,7.0,4.5,6.5,4.75,4.75
134,163,1.0,10.0,7.0,8.0,9.0,8.0,7.0,12.0,20.0,20.0,20.0,16.0,12.0,7.125,7.375,7.375,7.25,7.125,6.625,7.3125
135,164,1.0,50.0,7.0,9.0,9.0,6.0,4.0,20.51,23.08,20.51,17.95,2.56,15.380000000000004,7.222222222222222,8.333333333333334,8.333333333333334,7.222222222222222,6.444444444444445,6.777777777777778,7.333333333333333
136,165,1.0,10.0,8.0,6.0,9.0,7.0,2.0,16.67,12.5,20.83,18.75,12.5,18.75,7.166666666666667,7.0,6.166666666666667,5.5,5.166666666666667,5.0,4.833333333333333
137,167,1.0,20.0,6.0,7.0,7.0,7.0,5.0,18.6,13.95,18.6,16.28,16.28,16.28,6.75,6.625,7.5,7.125,6.625,6.625,6.125
138,168,1.0,0.0,5.0,5.0,5.0,5.0,5.0,11.11,17.78,17.78,17.78,17.78,17.78,3.0,7.75,7.75,5.25,4.75,4.25,4.25
139,169,1.0,20.0,7.0,9.0,8.0,7.0,7.0,17.78,20.0,17.78,15.56,15.56,13.33,8.5,8.25,8.75,8.125,7.875,7.5,8.0
140,170,1.0,0.0,7.0,8.0,9.0,6.0,8.0,16.28,20.93,18.6,18.6,13.949999999999998,11.63,3.333333333333333,7.0,7.666666666666667,4.0,6.333333333333333,2.6666666666666665,4.0
141,171,1.0,30.0,10.0,10.0,10.0,10.0,10.0,19.57,10.87,19.57,19.57,19.57,10.87,6.333333333333333,8.5,8.5,6.333333333333333,7.5,5.666666666666667,7.166666666666667
142,172,1.0,33.33333333333333,5.0,6.0,8.0,9.0,9.0,17.78,17.78,22.22,20.0,15.56,6.67,7.142857142857143,8.142857142857142,8.0,7.142857142857143,7.714285714285714,7.285714285714286,7.428571428571429
143,173,1.0,40.0,7.0,9.0,9.0,9.0,9.0,18.37,18.37,20.41,20.41,16.33,6.12,6.666666666666667,7.5,8.666666666666666,7.833333333333333,8.166666666666666,8.0,7.666666666666667
0,174,0.0,0.0,9.0,10.0,8.0,8.0,6.0,9.52,23.81,16.67,16.67,16.67,16.67,4.5,7.5,7.0,5.5,5.5,7.0,7.0
1,175,0.0,0.0,7.0,10.0,8.0,8.0,9.0,12.24,20.41,16.33,14.29,20.41,16.33,6.0,6.0,5.0,5.0,4.0,5.0,6.0
2,176,0.0,33.33333333333333,6.0,9.0,8.0,7.0,6.0,13.04,21.74,19.57,17.39,15.22,13.04,5.666666666666667,8.0,8.0,4.333333333333333,7.666666666666667,6.666666666666667,4.666666666666667
3,177,0.0,0.0,9.0,9.0,9.0,8.0,9.0,15.09,16.98,16.98,16.98,18.87,15.09,5.5,7.25,7.0,7.0,7.5,6.25,5.5
4,180,0.0,0.0,9.0,9.0,9.0,10.0,9.0,15.38,17.31,17.31,19.23,13.46,17.31,8.0,9.0,8.0,7.0,7.5,6.5,8.5
5,183,0.0,20.0,9.0,7.0,9.0,9.0,7.0,20.0,22.5,17.5,22.5,10.0,7.5,6.4,6.4,7.2,6.8,6.0,5.6,6.0
6,184,1.0,50.0,6.0,10.0,9.0,7.0,5.0,16.67,16.67,16.67,16.67,16.67,16.67,6.5,8.0,8.0,6.0,6.0,7.0,6.5
7,185,1.0,0.0,10.0,10.0,8.0,7.0,8.0,16.98,15.09,16.98,16.98,18.87,15.09,5.0,4.5,5.0,4.5,5.0,3.5,4.5
8,186,1.0,100.0,4.0,8.0,7.0,4.0,6.0,19.44,19.44,22.22,16.67,11.11,11.11,6.0,6.666666666666667,6.666666666666667,5.666666666666667,5.333333333333333,6.0,6.666666666666667
9,188,1.0,0.0,7.0,5.0,10.0,7.0,10.0,15.56,11.11,22.22,15.56,20.0,15.56,3.5,6.5,6.5,5.0,5.5,4.0,4.0
10,189,1.0,0.0,8.0,8.0,8.0,8.0,9.0,16.98,16.98,16.98,16.98,16.98,15.09,4.0,7.0,7.0,6.0,6.0,7.0,7.0
11,190,1.0,0.0,7.0,7.0,7.0,7.0,7.0,15.56,20.0,20.0,20.0,13.33,11.11,6.5,7.0,7.0,8.5,8.5,6.0,8.0
12,191,1.0,0.0,7.0,7.0,7.0,6.0,8.0,20.45,20.45,20.45,18.18,18.18,2.27,7.0,7.0,7.0,6.5,7.5,7.0,7.0
13,192,1.0,0.0,7.0,10.0,9.0,9.0,10.0,19.57,19.57,15.22,17.39,15.22,13.04,7.5,7.5,8.0,8.0,8.0,7.5,7.5
14,193,1.0,0.0,7.0,9.0,10.0,5.0,7.0,20.93,16.28,23.26,16.28,11.63,11.63,6.666666666666667,6.666666666666667,7.0,7.0,6.666666666666667,6.0,6.666666666666667
15,194,0.0,0.0,9.0,10.0,10.0,8.0,10.0,16.0,16.0,20.0,16.0,18.0,14.0,4.416666666666667,6.083333333333333,5.833333333333333,4.833333333333333,5.25,4.416666666666667,4.666666666666667
16,195,0.0,15.38461538461538,9.0,8.0,10.0,10.0,8.0,15.38,19.23,19.23,19.23,13.46,13.46,6.846153846153846,6.6923076923076925,7.461538461538462,6.769230769230769,5.769230769230769,5.461538461538462,6.384615384615385
17,196,0.0,0.0,9.0,9.0,9.0,9.0,9.0,17.65,17.65,17.65,15.69,15.69,15.69,5.666666666666667,6.666666666666667,5.333333333333333,3.6666666666666665,3.6666666666666665,4.0,4.666666666666667
18,197,0.0,0.0,7.0,8.0,9.0,9.0,7.0,14.0,18.0,20.0,18.0,16.0,14.0,8.0,8.0,7.0,8.0,9.0,10.0,9.0
19,198,0.0,0.0,7.0,9.0,9.0,7.0,7.0,15.38,19.23,17.31,19.23,9.62,19.23,4.0,7.0,6.0,4.0,6.666666666666667,3.6666666666666665,3.6666666666666665
20,199,0.0,23.07692307692307,9.0,7.0,9.0,7.0,9.0,17.5,17.5,20.0,12.5,20.0,12.5,7.384615384615385,5.846153846153846,6.6923076923076925,6.076923076923077,5.846153846153846,6.076923076923077,6.615384615384615
21,201,0.0,100.0,7.0,8.0,9.0,9.0,8.0,15.38,17.31,17.31,17.31,17.31,15.38,6.538461538461538,7.153846153846154,7.076923076923077,6.230769230769231,5.769230769230769,5.384615384615385,6.0
22,202,0.0,7.69230769230769,7.0,10.0,10.0,9.0,8.0,15.38,19.23,19.23,19.23,15.38,11.54,5.769230769230769,6.769230769230769,7.769230769230769,6.230769230769231,6.384615384615385,5.153846153846154,5.538461538461538
23,203,0.0,0.0,9.0,8.0,10.0,9.0,7.0,16.0,20.0,18.0,20.0,18.0,8.0,6.923076923076923,7.384615384615385,8.076923076923077,6.615384615384615,6.153846153846154,5.538461538461538,6.615384615384615
24,204,0.0,0.0,9.0,5.0,10.0,9.0,10.0,19.61,15.69,17.65,15.69,17.65,13.73,5.6923076923076925,5.923076923076923,6.384615384615385,6.076923076923077,6.615384615384615,4.384615384615385,5.0
25,205,0.0,0.0,7.0,8.0,10.0,9.0,5.0,15.38,17.31,19.23,19.23,11.54,17.31,6.076923076923077,6.461538461538462,6.615384615384615,5.923076923076923,5.384615384615385,5.076923076923077,5.769230769230769
26,207,0.0,23.07692307692307,8.0,8.0,8.0,10.0,9.0,17.31,13.46,17.31,19.23,19.23,13.46,8.538461538461538,6.6923076923076925,7.0,8.0,6.461538461538462,6.153846153846154,7.538461538461538
27,210,0.0,0.0,8.0,8.0,9.0,6.0,9.0,20.0,15.56,20.0,15.56,11.11,17.78,5.846153846153846,7.153846153846154,7.6923076923076925,6.307692307692308,6.153846153846154,6.0,6.6923076923076925
28,211,0.0,15.38461538461538,7.0,9.0,9.0,9.0,9.0,16.36,16.36,18.18,18.18,16.36,14.55,7.153846153846154,6.384615384615385,6.769230769230769,5.615384615384615,6.230769230769231,5.461538461538462,6.0
29,212,0.0,50.0,7.0,9.0,8.0,7.0,9.0,14.29,18.37,18.37,16.33,18.37,14.29,4.5,6.5,6.0,6.5,6.0,7.0,5.5
30,213,0.0,0.0,8.0,10.0,9.0,9.0,9.0,15.52,17.24,17.24,17.24,17.24,15.52,7.0,7.0,7.5,7.0,7.0,6.5,7.0
31,214,1.0,9.09090909090909,8.0,10.0,9.0,10.0,8.0,17.02,21.28,17.02,21.28,14.89,8.51,5.5,7.5,8.5,6.75,7.375,5.375,7.0
32,215,1.0,0.0,7.0,8.0,9.0,9.0,9.0,14.89,19.15,21.28,19.15,14.89,10.64,4.5,5.5,6.0,6.0,6.5,5.0,6.0
33,216,1.0,0.0,5.0,10.0,9.0,9.0,10.0,7.5,17.5,20.0,22.5,12.5,20.0,3.0,6.9,6.7,5.8,7.1,4.5,4.4
34,217,1.0,27.27272727272727,7.0,10.0,10.0,7.0,10.0,21.28,17.02,21.28,12.77,6.38,21.28,8.444444444444445,7.888888888888889,9.555555555555555,7.444444444444445,9.444444444444445,6.777777777777778,7.0
35,218,1.0,0.0,7.0,6.0,10.0,3.0,10.0,20.51,5.13,23.08,12.82,17.95,20.51,5.375,8.375,9.125,5.25,8.625,5.25,5.875
36,219,1.0,30.0,7.0,7.0,9.0,6.0,6.0,16.28,16.28,18.6,16.28,16.28,16.28,7.75,8.75,8.625,8.375,7.875,7.375,7.875
37,220,1.0,0.0,10.0,10.0,10.0,10.0,10.0,16.67,16.67,16.67,16.67,14.81,18.52,7.0,7.0,7.0,7.0,7.0,5.0,4.0
38,221,1.0,0.0,7.0,9.0,9.0,7.0,9.0,15.56,17.78,17.78,17.78,17.78,13.33,3.0,5.0,6.0,4.0,5.0,5.0,3.0
39,222,1.0,0.0,4.0,9.0,9.0,7.0,4.0,9.52,19.05,23.81,19.05,4.76,23.81,2.555555555555556,7.666666666666667,8.555555555555555,4.222222222222222,5.666666666666667,3.555555555555556,4.555555555555555
40,223,1.0,0.0,7.0,8.0,9.0,7.0,6.0,17.39,17.39,19.57,19.57,10.87,15.22,5.25,8.5,8.5,5.5,7.75,6.25,6.25
41,224,1.0,0.0,8.0,10.0,8.0,8.0,8.0,17.24,17.24,17.24,17.24,13.79,17.24,5.75,8.625,9.0,6.125,8.125,5.875,5.875
42,225,1.0,0.0,5.0,9.0,6.0,7.0,7.0,14.71,14.71,14.71,14.71,20.59,20.59,7.5,7.5,8.0,7.0,8.0,6.0,6.5
43,226,1.0,18.18181818181818,10.0,10.0,10.0,10.0,10.0,25.64,17.95,15.380000000000004,20.51,10.26,10.26,9.444444444444445,8.11111111111111,8.0,8.333333333333334,8.555555555555555,6.555555555555555,8.0
44,227,1.0,9.09090909090909,7.0,10.0,10.0,8.0,10.0,20.0,16.0,18.0,16.0,16.0,14.0,6.9,7.4,7.1,7.0,7.7,5.2,6.5
45,228,1.0,0.0,5.0,8.0,7.0,4.0,8.0,13.51,18.92,21.62,13.51,13.51,18.92,8.0,8.0,8.0,8.0,8.0,5.0,6.0
46,229,1.0,18.18181818181818,8.0,7.0,10.0,5.0,10.0,21.43,16.67,21.43,16.67,11.9,11.9,7.444444444444445,7.0,8.555555555555555,7.444444444444445,8.777777777777779,5.666666666666667,6.777777777777778
47,230,1.0,18.18181818181818,6.0,6.0,6.0,6.0,6.0,23.81,23.81,23.81,23.81,2.38,2.38,5.2,7.3,6.8,6.4,7.5,5.2,5.0
48,231,1.0,50.0,8.0,8.0,9.0,8.0,3.0,18.6,20.93,23.26,23.26,2.33,11.63,6.5,8.5,8.5,9.0,7.5,7.0,7.5
49,232,1.0,0.0,8.0,8.0,8.0,8.0,6.0,17.78,17.78,17.78,17.78,13.33,15.56,5.0,8.25,7.75,5.5,7.0,5.625,5.125
50,234,0.0,0.0,7.0,7.0,8.0,8.0,10.0,20.0,20.0,20.0,10.0,10.0,20.0,6.333333333333333,8.666666666666666,7.333333333333333,7.333333333333333,7.0,5.333333333333333,7.0
51,235,0.0,0.0,6.0,9.0,8.0,9.0,9.0,15.0,15.0,20.0,20.0,20.0,10.0,8.0,7.5,6.5,6.5,6.0,4.5,6.0
52,236,0.0,0.0,7.0,9.0,8.0,10.0,8.0,15.0,20.0,15.0,20.0,15.0,15.0,7.0,7.0,5.0,3.0,7.0,3.0,3.0
53,237,0.0,0.0,8.0,10.0,8.0,7.0,8.0,10.0,20.0,20.0,20.0,20.0,10.0,2.0,6.0,8.0,4.0,3.0,1.0,3.0
54,238,0.0,50.0,10.0,9.0,9.0,10.0,8.0,15.0,20.0,20.0,15.0,15.0,15.0,7.0,7.5,7.0,7.0,7.5,5.5,6.5
55,239,0.0,50.0,7.0,9.0,9.0,7.0,4.0,10.0,25.0,20.0,20.0,5.0,20.0,6.0,8.0,8.5,4.5,5.5,3.0,5.0
56,240,0.0,0.0,3.0,8.0,3.0,5.0,6.0,10.0,30.0,30.0,10.0,10.0,10.0,6.0,6.0,4.0,8.0,3.0,4.0,7.0
57,241,0.0,0.0,8.0,10.0,8.0,8.0,8.0,90.0,2.0,2.0,2.0,2.0,2.0,5.0,6.0,5.0,5.0,4.0,3.0,5.0
58,244,1.0,25.0,7.0,10.0,10.0,7.0,10.0,20.0,20.0,20.0,10.0,10.0,20.0,7.0,7.5,7.0,6.75,7.75,6.5,6.5
59,245,1.0,33.33333333333333,5.0,7.0,8.0,6.0,7.0,18.0,10.0,30.0,10.0,10.0,22.0,5.666666666666667,7.0,9.0,7.0,8.333333333333334,6.0,6.0
60,247,1.0,0.0,5.0,10.0,8.0,2.0,4.0,20.0,30.0,10.0,15.0,0.0,25.0,4.0,7.333333333333333,7.333333333333333,5.666666666666667,6.666666666666667,4.333333333333333,6.0
61,248,1.0,0.0,5.0,6.0,8.0,8.0,8.0,25.0,15.0,20.0,20.0,15.0,5.0,5.0,6.0,6.0,8.0,6.0,2.0,6.0
62,249,1.0,0.0,7.0,9.0,10.0,7.0,7.0,22.0,22.0,15.0,15.0,5.0,21.0,4.0,8.0,7.0,8.0,9.0,8.0,7.0
63,250,1.0,0.0,10.0,9.0,10.0,9.0,10.0,20.0,20.0,20.0,20.0,10.0,10.0,7.0,5.0,8.0,5.0,8.0,7.0,5.0
64,252,0.0,50.0,9.0,9.0,9.0,9.0,10.0,0.0,25.0,25.0,25.0,25.0,0.0,7.5,8.5,7.5,8.5,7.5,7.5,8.5
65,253,0.0,0.0,8.0,10.0,8.0,9.0,7.0,25.0,30.0,10.0,10.0,5.0,20.0,3.333333333333333,5.0,5.666666666666667,5.0,6.0,3.0,3.6666666666666665
66,254,0.0,0.0,8.0,7.0,10.0,8.0,8.0,25.0,7.0,25.0,25.0,8.0,10.0,5.0,6.111111111111111,7.666666666666667,5.777777777777778,6.333333333333333,4.666666666666667,5.111111111111111
67,255,0.0,0.0,6.0,8.0,7.0,6.0,6.0,16.67,16.67,16.67,16.67,16.67,16.67,7.0,7.25,7.25,6.25,7.25,6.75,6.5
68,256,0.0,25.0,6.0,9.0,8.0,6.0,6.0,15.0,25.0,20.0,20.0,10.0,10.0,6.5,8.0,7.75,7.5,6.75,6.75,6.25
69,257,0.0,0.0,7.0,9.0,9.0,7.0,10.0,22.0,14.0,30.0,10.0,14.0,10.0,6.125,6.25,6.125,5.625,5.625,5.375,5.5
70,258,0.0,0.0,6.0,10.0,9.0,8.0,5.0,7.0,35.0,20.0,20.0,5.0,13.0,7.0,7.0,7.0,7.0,7.0,7.0,6.5
71,259,0.0,10.0,7.0,9.0,8.0,8.0,9.0,15.0,18.0,19.0,19.0,17.0,12.0,6.0,5.125,7.25,5.375,7.125,6.0,5.25
72,260,0.0,50.0,6.0,9.0,9.0,7.0,6.0,19.0,20.0,19.0,14.0,13.0,15.0,6.25,6.5,6.75,5.25,6.0,5.5,5.75
73,261,0.0,25.0,5.0,8.0,7.0,7.0,8.0,15.0,20.0,20.0,20.0,15.0,10.0,5.0,5.25,6.25,4.75,6.0,5.25,5.25
74,262,0.0,0.0,6.0,10.0,9.0,5.0,3.0,10.0,40.0,20.0,20.0,0.0,10.0,4.222222222222222,6.666666666666667,7.333333333333333,5.333333333333333,6.333333333333333,4.444444444444445,5.666666666666667
75,263,0.0,100.0,8.0,8.0,8.0,8.0,5.0,20.0,20.0,20.0,10.0,20.0,10.0,7.0,9.0,9.0,8.0,7.5,7.0,7.5
76,264,0.0,20.0,8.0,7.0,9.0,8.0,5.0,15.0,15.0,25.0,20.0,5.0,20.0,5.111111111111111,6.111111111111111,6.555555555555555,5.666666666666667,5.333333333333333,4.666666666666667,5.333333333333333
77,265,0.0,10.0,7.0,9.0,10.0,7.0,10.0,15.0,5.0,45.0,10.0,15.0,10.0,4.5,6.3,7.2,3.7,5.5,4.7,4.9
78,266,0.0,0.0,8.0,8.0,7.0,7.0,4.0,25.0,20.0,20.0,25.0,0.0,10.0,7.444444444444445,7.444444444444445,7.777777777777778,6.888888888888889,6.222222222222222,5.555555555555555,7.055555555555555
79,267,0.0,0.0,7.0,6.0,7.0,5.0,7.0,20.0,30.0,10.0,15.0,10.0,15.0,6.75,7.25,6.75,6.5,5.75,6.0,5.5
80,268,0.0,100.0,9.0,9.0,9.0,8.0,9.0,30.0,20.0,20.0,10.0,15.0,5.0,8.5,8.5,9.0,7.0,8.0,8.0,8.5
81,269,0.0,20.0,8.0,8.0,8.0,6.0,7.0,20.0,10.0,30.0,15.0,15.0,10.0,7.555555555555555,7.666666666666667,8.0,6.777777777777778,6.888888888888889,5.888888888888889,7.333333333333333
82,270,0.0,0.0,5.0,4.0,8.0,7.0,6.0,16.0,16.0,19.0,17.0,14.0,18.0,5.75,6.25,7.75,6.0,6.25,6.5,6.0
83,271,0.0,0.0,9.0,10.0,9.0,10.0,10.0,10.0,15.0,40.0,15.0,10.0,10.0,6.0,5.666666666666667,5.555555555555555,5.333333333333333,5.555555555555555,4.0,4.888888888888889
84,272,0.0,0.0,9.0,10.0,9.0,10.0,10.0,25.0,20.0,25.0,25.0,5.0,0.0,7.444444444444445,6.222222222222222,5.444444444444445,5.777777777777778,5.888888888888889,4.555555555555555,6.0
85,273,1.0,0.0,7.0,10.0,7.0,5.0,7.0,30.0,25.0,18.0,18.0,4.0,5.0,5.777777777777778,6.666666666666667,7.333333333333333,5.444444444444445,6.555555555555555,5.0,5.222222222222222
86,274,1.0,100.0,7.0,7.0,9.0,10.0,9.0,30.0,10.0,20.0,20.0,10.0,10.0,6.0,6.0,6.5,7.0,7.0,7.0,7.0
87,275,1.0,0.0,10.0,7.0,10.0,6.0,10.0,25.0,10.0,25.0,5.0,10.0,25.0,6.444444444444445,6.333333333333333,7.333333333333333,5.222222222222222,6.777777777777778,5.0,5.0
88,276,1.0,0.0,7.0,6.0,10.0,7.0,8.0,24.0,16.0,28.0,14.0,8.0,10.0,5.6,5.8,7.5,5.9,5.9,4.7,6.4
89,277,1.0,0.0,4.0,8.0,8.0,8.0,5.0,60.0,20.0,0.0,20.0,0.0,0.0,6.777777777777778,5.777777777777778,7.444444444444445,6.666666666666667,6.333333333333333,6.0,7.222222222222222
90,278,1.0,0.0,8.0,8.0,8.0,8.0,8.0,25.0,15.0,20.0,25.0,10.0,5.0,4.555555555555555,6.111111111111111,7.444444444444445,5.444444444444445,6.666666666666667,3.555555555555556,5.444444444444445
91,279,1.0,20.0,8.0,9.0,10.0,6.0,7.0,27.0,15.0,28.0,10.0,10.0,10.0,7.0,6.5,7.6,6.3,6.7,4.7,6.7
92,280,1.0,10.0,5.0,9.0,8.0,5.0,6.0,25.0,20.0,30.0,15.0,5.0,5.0,4.888888888888889,6.555555555555555,8.11111111111111,5.0,5.888888888888889,5.222222222222222,5.666666666666667
93,281,1.0,10.0,7.0,8.0,8.0,6.0,5.0,20.0,20.0,20.0,15.0,5.0,20.0,5.777777777777778,5.555555555555555,7.333333333333333,4.333333333333333,6.444444444444445,5.111111111111111,5.333333333333333
94,282,1.0,100.0,7.0,9.0,7.0,9.0,10.0,25.0,15.0,20.0,20.0,10.0,10.0,9.0,9.0,9.0,9.0,9.0,8.0,9.0
95,283,1.0,0.0,9.0,9.0,9.0,9.0,9.0,50.0,10.0,10.0,10.0,10.0,10.0,4.333333333333333,7.0,7.0,5.0,6.0,4.5,5.666666666666667
96,285,1.0,0.0,8.0,10.0,10.0,10.0,8.0,20.0,20.0,25.0,25.0,5.0,5.0,4.0,10.0,10.0,3.0,3.0,2.0,5.0
97,287,1.0,0.0,7.0,10.0,7.0,5.0,10.0,35.0,40.0,5.0,5.0,7.0,8.0,5.0,5.285714285714286,5.714285714285714,4.857142857142857,6.142857142857143,4.714285714285714,4.571428571428571
98,288,1.0,20.0,5.0,8.0,8.0,7.0,7.0,20.0,20.0,15.0,25.0,10.0,10.0,6.444444444444445,7.0,7.111111111111111,6.555555555555555,7.111111111111111,5.222222222222222,6.222222222222222
99,289,1.0,14.28571428571428,4.0,9.0,8.0,10.0,8.0,20.0,30.0,10.0,20.0,0.0,20.0,6.166666666666667,6.333333333333333,6.333333333333333,6.666666666666667,6.333333333333333,5.333333333333333,6.666666666666667
100,290,1.0,0.0,5.0,4.0,10.0,5.0,9.0,30.0,10.0,30.0,10.0,5.0,15.0,7.2,5.9,7.4,5.2,6.0,4.3,5.6
101,291,1.0,28.57142857142857,6.0,9.0,9.0,7.0,9.0,20.0,20.0,15.0,15.0,12.0,18.0,4.857142857142857,6.714285714285714,7.571428571428571,6.0,7.571428571428571,6.142857142857143,6.0
102,292,1.0,100.0,8.0,10.0,10.0,8.0,10.0,20.0,18.0,20.0,17.0,10.0,15.0,10.0,8.0,9.0,10.0,10.0,7.0,9.0
103,293,1.0,50.0,7.0,10.0,9.0,9.0,9.0,23.0,18.0,21.0,18.0,10.0,10.0,4.5,8.0,8.5,4.5,8.5,4.0,5.0
104,294,0.0,0.0,9.0,10.0,9.0,7.0,7.0,20.0,20.0,35.0,5.0,10.0,10.0,7.5,8.0,8.5,6.5,5.5,6.5,8.0
105,295,0.0,0.0,7.0,10.0,8.0,8.0,8.0,10.0,18.0,20.0,16.0,16.0,20.0,5.285714285714286,6.714285714285714,6.857142857142857,5.142857142857143,5.428571428571429,3.857142857142857,4.857142857142857
106,296,0.0,33.33333333333333,8.0,9.0,10.0,6.0,9.0,15.0,20.0,35.0,15.0,5.0,10.0,5.333333333333333,8.0,8.11111111111111,6.222222222222222,7.222222222222222,5.0,5.777777777777778
107,297,0.0,33.33333333333333,8.0,10.0,8.0,9.0,9.0,25.0,25.0,15.0,15.0,10.0,10.0,7.25,6.75,6.5,6.625,6.125,5.125,6.5
108,298,0.0,0.0,7.0,10.0,10.0,9.0,10.0,10.0,30.0,20.0,10.0,15.0,15.0,5.777777777777778,7.333333333333333,7.222222222222222,5.888888888888889,5.666666666666667,4.111111111111111,5.555555555555555
109,299,0.0,0.0,6.0,9.0,8.0,9.0,9.0,10.0,40.0,10.0,20.0,10.0,10.0,6.5,7.0,7.0,6.0,6.5,6.5,7.5
110,300,0.0,22.22222222222222,8.0,9.0,9.0,9.0,10.0,15.0,20.0,25.0,15.0,15.0,10.0,5.0,7.285714285714286,7.571428571428571,5.714285714285714,6.285714285714286,5.0,5.285714285714286
111,301,0.0,11.11111111111111,9.0,9.0,9.0,8.0,8.0,20.0,20.0,20.0,20.0,10.0,10.0,5.777777777777778,7.555555555555555,8.333333333333334,6.777777777777778,7.111111111111111,5.0,6.111111111111111
112,302,0.0,0.0,8.0,8.0,8.0,8.0,10.0,50.0,5.0,20.0,10.0,5.0,10.0,4.777777777777778,6.0,5.666666666666667,6.555555555555555,6.111111111111111,4.555555555555555,4.777777777777778
113,303,0.0,11.11111111111111,8.0,10.0,8.0,9.0,6.0,20.0,25.0,25.0,10.0,15.0,5.0,7.0,7.0,7.625,6.875,6.375,6.375,6.875
114,304,0.0,11.11111111111111,6.0,10.0,8.0,10.0,8.0,5.0,20.0,25.0,25.0,15.0,10.0,6.777777777777778,7.444444444444445,7.111111111111111,7.888888888888889,6.111111111111111,5.222222222222222,6.777777777777778
115,305,0.0,0.0,7.0,9.0,9.0,8.0,5.0,10.0,47.0,16.0,12.0,3.0,12.0,6.5,8.0,7.0,6.0,6.0,7.0,7.0
116,306,0.0,0.0,6.0,9.0,8.0,8.0,8.0,16.0,20.0,19.0,16.0,18.0,11.0,8.0,7.5,7.5,6.0,8.0,7.0,8.0
117,307,0.0,0.0,5.0,8.0,8.0,7.0,8.0,10.0,20.0,20.0,15.0,20.0,15.0,6.5,8.5,7.5,7.5,6.0,6.5,8.0
118,308,1.0,0.0,7.0,10.0,8.0,8.0,7.0,17.0,19.0,18.0,17.0,11.0,18.0,5.8,8.2,8.6,7.4,7.6,6.0,7.8
119,309,1.0,20.0,7.0,8.0,9.0,9.0,7.0,20.0,20.0,20.0,20.0,10.0,10.0,7.142857142857143,8.142857142857142,8.857142857142858,6.857142857142857,7.714285714285714,6.285714285714286,7.0
120,310,1.0,11.11111111111111,7.0,6.0,7.0,8.0,4.0,24.0,15.0,20.0,20.0,8.0,13.0,6.285714285714286,6.857142857142857,7.857142857142857,4.285714285714286,6.285714285714286,3.142857142857143,4.142857142857143
121,311,1.0,0.0,9.0,9.0,9.0,10.0,3.0,50.0,20.0,10.0,10.0,5.0,5.0,8.1,7.8,7.6,7.0,7.4,5.9,7.6
122,312,1.0,0.0,8.0,7.0,9.0,7.0,9.0,25.0,5.0,30.0,15.0,5.0,20.0,6.666666666666667,7.666666666666667,7.888888888888889,6.555555555555555,7.333333333333333,7.0,6.555555555555555
123,313,1.0,14.28571428571428,7.0,8.0,8.0,8.0,6.0,19.0,13.0,18.0,18.0,10.0,22.0,7.142857142857143,8.142857142857142,8.285714285714286,8.0,7.0,7.142857142857143,7.857142857142857
124,315,1.0,0.0,6.0,10.0,8.0,6.0,7.0,6.67,19.05,42.86,9.52,14.29,7.62,6.142857142857143,7.285714285714286,8.142857142857142,5.571428571428571,7.285714285714286,5.285714285714286,6.0
125,316,1.0,33.33333333333333,6.0,8.0,8.0,7.0,9.0,25.0,20.0,15.0,25.0,10.0,5.0,7.714285714285714,7.714285714285714,8.142857142857142,8.428571428571429,8.285714285714286,6.857142857142857,7.571428571428571
126,317,1.0,22.22222222222222,7.0,3.0,8.0,8.0,5.0,50.0,0.0,20.0,20.0,0.0,10.0,8.285714285714286,8.0,8.0,8.857142857142858,7.571428571428571,7.142857142857143,8.0
127,319,1.0,33.33333333333333,5.0,10.0,9.0,6.0,3.0,20.0,25.0,20.0,10.0,5.0,20.0,5.0,7.714285714285714,8.0,6.428571428571429,6.714285714285714,6.142857142857143,6.0
128,321,1.0,0.0,6.0,8.0,7.0,7.0,8.0,30.0,15.0,15.0,20.0,10.0,10.0,6.142857142857143,6.571428571428571,7.571428571428571,6.857142857142857,7.714285714285714,5.571428571428571,6.428571428571429
129,323,0.0,50.0,7.0,9.0,8.0,6.0,3.0,10.0,20.0,20.0,20.0,10.0,20.0,8.0,8.5,8.0,6.5,7.0,7.5,7.5
130,324,0.0,33.33333333333333,9.0,9.0,9.0,9.0,8.0,40.0,10.0,15.0,20.0,10.0,5.0,6.5,7.0,7.0,7.0,6.0,5.5,6.5
131,325,0.0,0.0,7.0,9.0,8.0,7.0,8.0,10.0,20.0,20.0,10.0,10.0,30.0,6.0,8.0,8.0,7.0,5.0,6.0,4.0
132,327,0.0,0.0,7.0,7.0,8.0,9.0,10.0,15.0,10.0,20.0,20.0,20.0,15.0,8.0,8.0,8.0,7.666666666666667,7.0,7.666666666666667,8.0
133,328,0.0,0.0,7.0,10.0,10.0,8.0,10.0,22.0,12.0,30.0,25.0,10.0,1.0,6.666666666666667,7.333333333333333,7.0,6.333333333333333,6.333333333333333,6.333333333333333,6.333333333333333
134,329,0.0,0.0,8.0,9.0,8.0,5.0,8.0,15.0,22.0,22.0,16.0,15.0,10.0,5.5,7.5,7.0,5.5,6.0,4.5,5.5
135,330,0.0,0.0,8.0,10.0,7.0,9.0,9.0,15.0,25.0,15.0,20.0,10.0,15.0,7.5,7.5,8.0,6.5,7.0,6.5,6.5
136,331,0.0,0.0,7.0,9.0,7.0,9.0,4.0,15.0,15.0,10.0,25.0,10.0,25.0,5.5,6.5,5.0,4.0,6.0,5.5,5.0
137,332,1.0,50.0,5.0,10.0,6.0,6.0,10.0,60.0,10.0,10.0,10.0,5.0,5.0,4.5,8.0,8.0,6.0,6.0,4.0,5.0
138,333,1.0,0.0,7.0,4.0,9.0,7.0,9.0,50.0,5.0,15.0,20.0,10.0,0.0,7.0,7.333333333333333,6.666666666666667,7.333333333333333,5.666666666666667,5.0,7.666666666666667
139,334,1.0,0.0,8.0,7.0,8.0,8.0,9.0,40.0,10.0,15.0,10.0,10.0,15.0,7.0,7.5,7.0,7.0,6.5,6.0,6.5
140,335,1.0,0.0,8.0,7.0,8.0,9.0,8.0,20.0,10.0,20.0,20.0,15.0,15.0,6.0,7.6,8.2,6.6,8.0,5.6,5.2
141,336,1.0,0.0,5.0,9.0,7.0,7.0,9.0,20.0,15.0,30.0,10.0,15.0,10.0,6.0,7.0,6.0,8.0,5.0,5.0,5.0
142,337,1.0,0.0,6.0,6.0,6.0,6.0,6.0,17.0,17.0,17.0,17.0,16.0,16.0,5.4,8.2,8.0,6.8,6.4,4.6,6.6
143,341,0.0,0.0,7.0,9.0,7.0,9.0,9.0,20.0,20.0,20.0,20.0,20.0,0.0,7.25,7.5,7.0,6.5,6.0,5.75,6.25
144,342,0.0,0.0,10.0,10.0,10.0,10.0,10.0,40.0,15.0,25.0,5.0,15.0,0.0,6.0,7.0,7.0,9.0,8.0,7.0,6.0
145,343,0.0,40.0,4.0,8.0,10.0,6.0,7.0,5.0,25.0,20.0,10.0,15.0,25.0,5.555555555555555,7.666666666666667,7.777777777777778,5.888888888888889,7.222222222222222,6.0,6.111111111111111
146,344,0.0,50.0,7.0,7.0,8.0,8.0,9.0,15.0,15.0,15.0,20.0,20.0,15.0,7.5,8.0,8.5,10.0,8.5,9.0,7.5
147,345,0.0,20.0,7.0,9.0,9.0,7.0,7.0,10.0,20.0,27.0,23.0,15.0,5.0,5.9,7.6,7.3,6.6,6.5,5.4,6.3
148,348,0.0,25.0,6.0,10.0,10.0,10.0,10.0,15.0,25.0,15.0,15.0,15.0,15.0,5.25,8.0,7.25,6.75,6.25,5.0,5.75
149,349,0.0,40.0,7.0,8.0,9.0,8.0,7.0,25.0,20.0,10.0,20.0,20.0,5.0,7.888888888888889,7.888888888888889,7.111111111111111,7.444444444444445,6.777777777777778,6.222222222222222,7.0
150,350,0.0,9.09090909090909,7.0,10.0,8.0,6.0,8.0,12.0,25.0,25.0,8.0,15.0,15.0,8.090909090909092,7.636363636363637,7.454545454545454,7.363636363636363,7.090909090909091,6.454545454545454,7.363636363636363
151,351,0.0,0.0,8.0,10.0,8.0,7.0,9.0,15.0,15.0,30.0,15.0,15.0,10.0,6.75,7.5,6.25,5.25,6.5,5.25,6.0
152,352,0.0,0.0,9.0,10.0,9.0,9.0,8.0,20.0,20.0,20.0,10.0,10.0,20.0,7.0,9.0,8.0,7.0,6.0,6.0,6.0
153,353,0.0,0.0,6.0,6.0,6.0,6.0,6.0,15.0,10.0,25.0,25.0,10.0,15.0,5.25,7.5,7.25,5.0,6.0,4.25,4.5
154,354,0.0,54.54545454545454,7.0,7.0,8.0,10.0,8.0,20.0,10.0,20.0,20.0,20.0,10.0,6.909090909090909,7.181818181818182,7.090909090909091,8.181818181818182,7.363636363636363,7.454545454545454,7.427272727272728
155,355,0.0,11.11111111111111,6.0,10.0,8.0,8.0,8.0,50.0,20.0,10.0,5.0,10.0,5.0,7.4,7.2,6.4,7.2,6.4,5.8,7.0
156,356,0.0,0.0,7.0,10.0,9.0,8.0,6.0,15.0,25.0,20.0,20.0,0.0,20.0,8.18,8.0,7.8,5.8,6.6,5.8,7.2
157,357,0.0,50.0,6.0,10.0,7.0,7.0,6.0,15.0,20.0,20.0,20.0,20.0,5.0,8.0,7.75,7.75,7.0,7.25,7.5,7.75
158,358,0.0,25.0,8.0,7.0,8.0,8.0,7.0,20.0,10.0,25.0,25.0,10.0,10.0,7.5,7.75,8.0,7.0,8.0,5.5,7.5
159,359,0.0,0.0,7.0,10.0,9.0,2.0,8.0,9.0,17.0,23.0,15.0,14.0,22.0,5.95,6.5,7.25,4.8,6.3,4.7,4.75
160,360,0.0,0.0,8.0,10.0,8.0,8.0,8.0,20.0,30.0,10.0,10.0,10.0,20.0,7.0,9.0,9.0,8.0,7.0,7.0,6.0
161,361,1.0,14.28571428571428,7.0,7.0,7.0,5.0,9.0,30.0,20.0,30.0,5.0,5.0,10.0,3.0,8.0,6.25,6.0,7.0,5.5,5.5
162,362,1.0,57.14285714285714,7.0,7.0,8.0,9.0,8.0,20.51,14.53,24.790000000000003,17.09,5.98,17.09,4.833333333333333,8.0,8.833333333333334,7.666666666666667,7.333333333333333,6.333333333333333,5.833333333333333
163,363,1.0,16.66666666666666,5.0,7.0,8.0,8.0,3.0,25.0,20.0,20.0,20.0,5.0,10.0,6.0,8.2,7.8,6.8,6.6,5.2,5.6
164,364,1.0,50.0,8.0,8.0,9.0,8.0,9.0,25.0,25.0,25.0,15.0,10.0,0.0,7.0,7.5,8.0,7.5,7.0,3.5,6.0
165,365,1.0,14.28571428571428,8.0,2.0,9.0,9.0,9.0,31.58,10.53,15.79,21.05,10.53,10.53,7.5,8.0,8.0,8.0,7.666666666666667,7.833333333333333,7.0
166,366,1.0,85.71428571428571,6.0,8.0,8.0,9.0,10.0,14.0,18.0,17.0,16.0,15.0,20.0,8.25,9.25,9.0,7.75,8.25,8.25,8.75
167,367,1.0,25.0,7.0,7.0,7.0,8.0,5.0,30.0,15.0,20.0,25.0,5.0,5.0,6.0,8.285714285714286,7.714285714285714,6.428571428571429,6.857142857142857,8.0,6.428571428571429
168,368,1.0,0.0,6.0,8.0,8.0,8.0,7.0,20.0,10.0,25.0,20.0,10.0,15.0,8.0,8.0,7.5,8.0,7.5,7.5,8.5
169,369,1.0,60.0,6.0,9.0,10.0,9.0,7.0,17.0,18.0,28.0,27.0,5.0,5.0,5.666666666666667,7.0,6.666666666666667,8.0,5.666666666666667,5.333333333333333,6.0
170,370,1.0,0.0,8.0,6.0,9.0,9.0,9.0,50.0,10.0,10.0,10.0,10.0,10.0,8.0,7.8,8.2,7.6,7.8,6.4,8.0
171,371,1.0,25.0,10.0,8.0,10.0,10.0,10.0,40.0,0.0,10.0,50.0,0.0,0.0,8.2,8.2,8.0,7.4,7.2,6.4,6.8
172,372,1.0,20.0,7.0,8.0,9.0,8.0,8.0,30.0,15.0,15.0,20.0,5.0,15.0,6.2,6.8,7.0,6.8,6.0,6.0,5.6
173,373,1.0,0.0,9.0,8.0,9.0,9.0,9.0,75.0,5.0,5.0,10.0,0.0,5.0,9.0,9.0,9.0,9.0,9.0,9.0,9.0
174,374,1.0,16.66666666666666,6.0,7.0,7.0,6.0,7.0,50.0,10.0,10.0,10.0,5.0,15.0,6.2,8.4,8.2,7.2,7.6,6.4,6.6
175,375,1.0,14.28571428571428,8.0,9.0,8.0,9.0,9.0,30.0,20.0,15.0,15.0,8.0,12.0,8.75,7.5,7.0,7.0,6.5,4.75,6.75
176,376,1.0,33.33333333333333,6.0,10.0,9.0,8.0,10.0,30.0,10.0,15.0,20.0,15.0,10.0,7.333333333333333,8.0,9.0,7.0,8.333333333333334,6.833333333333333,7.0
177,377,1.0,0.0,7.0,8.0,7.0,8.0,7.0,25.0,20.0,10.0,20.0,15.0,10.0,6.2,7.0,7.2,5.2,6.4,5.4,5.4
178,378,1.0,0.0,6.0,7.0,9.0,7.0,7.0,25.0,15.0,20.0,20.0,10.0,10.0,7.0,7.4,7.4,7.0,7.0,6.2,6.4
0,379,0.0,8.33333333333333,6.0,9.0,8.0,6.0,9.0,15.0,15.0,20.0,15.0,15.0,20.0,6.444444444444445,6.888888888888889,7.777777777777778,7.0,7.888888888888889,6.777777777777778,6.222222222222222
1,380,0.0,0.0,4.0,7.0,9.0,9.0,9.0,20.0,20.0,20.0,15.0,15.0,10.0,5.0,10.0,10.0,10.0,10.0,10.0,7.0
2,381,0.0,8.33333333333333,7.0,7.0,9.0,10.0,8.0,20.0,10.0,20.0,35.0,5.0,10.0,6.5,6.5,6.625,6.375,6.625,5.875,5.25
3,382,0.0,7.69230769230769,7.0,7.0,7.0,7.0,10.0,25.0,25.0,25.0,10.0,10.0,5.0,6.181818181818182,6.818181818181818,7.090909090909091,5.545454545454546,6.363636363636363,5.727272727272728,6.090909090909091
4,384,0.0,38.46153846153846,8.0,8.0,8.0,9.0,9.0,20.0,20.0,20.0,20.0,20.0,0.0,6.9,7.1,6.8,7.6,6.5,6.7,6.8
5,385,0.0,28.57142857142857,8.0,8.0,8.0,6.0,6.0,25.0,20.0,20.0,20.0,10.0,5.0,7.3,8.2,6.8,7.1,6.1,6.4,6.9
6,386,0.0,0.0,7.0,8.0,9.0,9.0,9.0,15.0,10.0,30.0,10.0,15.0,20.0,5.666666666666667,8.11111111111111,7.333333333333333,6.555555555555555,6.222222222222222,5.777777777777778,6.333333333333333
7,387,0.0,38.46153846153846,8.0,8.0,8.0,8.0,8.0,20.0,15.0,25.0,15.0,15.0,10.0,7.944444444444445,7.333333333333333,7.0,7.611111111111111,6.111111111111111,6.0,6.777777777777778
8,388,0.0,8.33333333333333,8.0,8.0,8.0,7.0,8.0,22.0,17.0,15.0,15.0,15.0,16.0,7.0,5.875,5.875,6.25,6.5,5.0,5.75
9,389,0.0,50.0,8.0,10.0,7.0,9.0,5.0,20.0,30.0,20.0,20.0,0.0,10.0,7.5,6.833333333333333,7.416666666666667,7.291666666666667,7.041666666666667,5.166666666666667,7.166666666666667
10,391,0.0,7.69230769230769,8.0,9.0,9.0,9.0,7.0,35.0,0.0,35.0,10.0,10.0,10.0,6.875,7.25,7.25,6.625,6.625,7.125,6.25
11,392,0.0,7.69230769230769,4.0,7.0,8.0,7.0,7.0,15.0,20.0,15.0,30.0,10.0,10.0,5.9,7.6,7.0,6.5,6.6,6.2,6.3
12,393,0.0,16.66666666666666,7.0,9.0,8.0,8.0,8.0,8.0,20.0,25.0,25.0,12.0,10.0,5.25,8.125,7.375,6.125,6.25,5.125,5.75
13,394,0.0,8.33333333333333,9.0,8.0,7.0,7.0,7.0,18.0,19.0,16.0,15.0,15.0,17.0,5.777777777777778,7.888888888888889,7.222222222222222,6.111111111111111,6.111111111111111,5.666666666666667,5.555555555555555
14,395,0.0,0.0,8.0,8.0,9.0,7.0,7.0,20.0,20.0,20.0,10.0,10.0,20.0,6.0,6.9,7.5,6.5,6.8,5.5,5.45
15,396,0.0,0.0,8.0,10.0,10.0,10.0,8.0,15.0,18.0,18.0,18.0,15.0,16.0,5.5,6.5,5.5,5.5,5.5,5.0,5.0
16,397,1.0,14.28571428571428,7.0,7.0,10.0,7.0,9.0,20.0,21.0,21.0,22.0,6.0,10.0,5.363636363636363,7.363636363636363,7.090909090909091,5.363636363636363,7.181818181818182,5.363636363636363,5.454545454545454
17,399,1.0,0.0,9.0,9.0,9.0,9.0,9.0,25.0,10.0,20.0,20.0,10.0,15.0,6.75,6.75,7.375,6.25,7.625,6.0,6.0
18,400,1.0,50.0,7.0,10.0,8.0,6.0,7.0,70.0,5.0,20.0,3.0,1.0,1.0,7.1,7.6,8.0,7.1,8.3,7.1,7.05
19,401,1.0,100.0,8.0,5.0,10.0,7.0,5.0,35.0,0.0,25.0,20.0,0.0,20.0,6.583333333333333,8.416666666666666,8.416666666666666,6.0,8.083333333333334,5.833333333333333,6.25
20,402,1.0,0.0,6.0,8.0,10.0,7.0,9.0,25.0,20.0,15.0,25.0,10.0,5.0,6.0,9.0,9.0,6.0,9.0,2.0,3.0
21,403,1.0,0.0,4.0,8.0,9.0,7.0,9.0,20.0,25.0,20.0,15.0,5.0,15.0,4.9,8.0,7.6,6.2,7.1,4.7,5.2
22,404,1.0,100.0,6.0,9.0,8.0,7.0,8.0,25.0,14.0,25.0,25.0,3.0,8.0,8.090909090909092,7.818181818181818,7.363636363636363,6.909090909090909,7.181818181818182,5.909090909090909,6.545454545454546
23,405,1.0,0.0,8.0,8.0,9.0,10.0,10.0,30.0,25.0,20.0,15.0,5.0,5.0,5.0,6.0,7.0,6.0,8.0,5.0,5.0
24,406,1.0,0.0,6.0,7.0,8.0,8.0,9.0,20.0,20.0,20.0,20.0,20.0,0.0,5.0,8.0,8.0,6.0,8.0,6.0,5.0
25,407,1.0,14.28571428571428,7.0,9.0,7.0,8.0,8.0,30.0,15.0,15.0,15.0,15.0,10.0,7.384615384615385,9.153846153846152,8.23076923076923,7.230769230769231,7.6923076923076925,7.6923076923076925,7.384615384615385
26,409,1.0,28.57142857142857,7.0,9.0,9.0,8.0,8.0,20.0,15.0,20.0,20.0,10.0,15.0,7.0,8.181818181818182,8.272727272727273,7.363636363636363,7.363636363636363,6.727272727272728,6.818181818181818
27,410,1.0,21.42857142857142,7.0,10.0,10.0,6.0,10.0,20.0,20.0,20.0,20.0,10.0,10.0,7.636363636363637,8.363636363636363,8.272727272727273,7.727272727272727,7.454545454545454,7.0,7.0
28,411,1.0,7.14285714285714,8.0,6.0,7.0,9.0,5.0,35.0,15.0,15.0,25.0,10.0,0.0,7.318181818181818,8.181818181818182,8.181818181818182,7.909090909090909,8.181818181818182,6.818181818181818,6.454545454545454
29,412,1.0,21.42857142857142,7.0,7.0,8.0,8.0,8.0,75.0,5.0,5.0,5.0,5.0,5.0,5.333333333333333,7.111111111111111,7.333333333333333,6.777777777777778,7.666666666666667,5.777777777777778,5.777777777777778
30,413,1.0,7.14285714285714,7.0,9.0,8.0,7.0,6.0,10.0,10.0,30.0,30.0,5.0,15.0,6.545454545454546,7.909090909090909,7.818181818181818,6.909090909090909,7.636363636363637,6.636363636363637,6.818181818181818
31,415,1.0,0.0,7.0,8.0,10.0,4.0,8.0,10.0,20.0,40.0,10.0,10.0,10.0,3.9,4.1,4.5,4.2,4.5,2.5,3.1
32,417,0.0,16.66666666666666,7.0,8.0,8.0,4.0,8.0,20.0,20.0,20.0,10.0,10.0,20.0,5.166666666666667,8.333333333333334,7.333333333333333,5.833333333333333,6.0,5.5,6.166666666666667
33,418,0.0,0.0,7.0,9.0,8.0,7.0,5.0,15.0,25.0,20.0,15.0,10.0,15.0,7.0,7.0,8.0,8.0,8.0,7.0,8.0
34,419,0.0,20.0,9.0,8.0,9.0,5.0,3.0,5.0,30.0,20.0,10.0,5.0,30.0,6.8,8.4,8.2,6.6,7.4,7.2,6.4
35,420,0.0,16.66666666666666,8.0,9.0,10.0,7.0,7.0,10.0,10.0,40.0,10.0,15.0,15.0,7.5,7.833333333333333,8.333333333333334,7.833333333333333,7.333333333333333,6.5,7.583333333333333
36,421,0.0,100.0,7.0,7.0,6.0,6.0,6.0,20.0,10.0,30.0,20.0,10.0,10.0,8.0,6.0,6.5,7.0,6.0,7.0,7.0
37,422,1.0,100.0,8.0,10.0,8.0,8.0,8.0,30.0,25.0,20.0,10.0,10.0,5.0,6.666666666666667,8.0,7.666666666666667,7.0,7.666666666666667,8.0,7.333333333333333
38,423,1.0,0.0,7.0,9.0,9.0,8.0,9.0,30.0,20.0,30.0,10.0,5.0,5.0,5.5,8.5,7.5,5.0,7.0,3.5,4.5
39,424,1.0,0.0,7.0,7.0,7.0,7.0,7.0,17.0,16.0,17.0,17.0,17.0,16.0,7.0,8.0,7.0,5.0,5.0,5.0,6.0
40,425,1.0,0.0,6.0,9.0,9.0,6.0,9.0,16.0,25.0,20.0,12.0,12.0,15.0,3.5,6.333333333333333,7.5,3.6666666666666665,8.0,4.333333333333333,5.0
41,426,1.0,0.0,8.0,8.0,10.0,8.0,9.0,25.0,7.0,35.0,20.0,8.0,5.0,3.333333333333333,4.333333333333333,6.666666666666667,4.333333333333333,9.0,4.0,4.0
42,427,1.0,0.0,7.0,10.0,7.0,8.0,9.0,20.0,20.0,20.0,20.0,20.0,20.0,6.333333333333333,8.0,7.333333333333333,5.0,6.333333333333333,5.333333333333333,5.0
43,428,1.0,100.0,8.0,8.0,9.0,7.0,9.0,60.0,10.0,10.0,10.0,10.0,0.0,6.5,8.0,9.0,7.5,9.0,7.5,8.0
44,429,1.0,0.0,8.0,8.0,9.0,9.0,8.0,55.0,10.0,15.0,15.0,5.0,0.0,6.333333333333333,6.666666666666667,6.666666666666667,4.333333333333333,8.0,3.0,5.333333333333333
45,430,0.0,0.0,5.0,8.0,5.0,8.0,8.0,10.0,25.0,15.0,20.0,15.0,15.0,5.5,6.0,6.0,5.25,5.0,4.75,5.5
46,431,0.0,0.0,7.0,10.0,9.0,7.0,10.0,15.0,15.0,25.0,15.0,15.0,15.0,5.5,6.25,5.25,5.25,5.0,5.5,5.75
47,432,0.0,42.85714285714285,7.0,8.0,8.0,8.0,8.0,15.0,30.0,30.0,10.0,10.0,5.0,6.333333333333333,8.166666666666666,8.166666666666666,7.0,6.666666666666667,6.0,6.666666666666667
48,433,0.0,0.0,8.0,6.0,8.0,7.0,5.0,20.0,20.0,20.0,20.0,10.0,10.0,4.0,9.0,8.0,10.0,6.0,6.0,9.0
49,434,0.0,0.0,7.0,7.0,6.0,8.0,4.0,30.0,15.0,15.0,30.0,0.0,10.0,6.833333333333333,7.333333333333333,7.166666666666667,6.0,5.666666666666667,5.166666666666667,6.333333333333333
50,436,0.0,14.28571428571428,9.0,8.0,7.0,10.0,6.0,28.0,8.0,17.0,22.0,17.0,8.0,8.0,6.166666666666667,6.666666666666667,8.333333333333334,7.666666666666667,5.333333333333333,6.333333333333333
51,437,0.0,42.85714285714285,7.0,9.0,9.0,9.0,8.0,15.0,15.0,18.0,18.0,14.0,20.0,6.333333333333333,7.666666666666667,6.666666666666667,6.166666666666667,4.833333333333333,5.166666666666667,6.833333333333333
52,438,0.0,14.28571428571428,7.0,8.0,7.0,7.0,7.0,14.0,15.0,16.0,17.0,18.0,20.0,6.6,7.2,7.8,6.8,7.2,5.4,7.0
53,439,0.0,0.0,8.0,8.0,7.0,7.0,7.0,20.0,10.0,50.0,5.0,10.0,5.0,8.142857142857142,5.428571428571429,7.285714285714286,6.714285714285714,6.142857142857143,4.714285714285714,7.0
54,440,1.0,0.0,8.0,8.0,9.0,9.0,9.0,35.0,5.0,30.0,20.0,5.0,5.0,8.6,7.8,8.8,8.8,8.2,7.8,8.0
55,441,1.0,16.66666666666666,8.0,7.0,9.0,8.0,8.0,35.0,10.0,25.0,20.0,5.0,5.0,6.6,6.6,7.8,7.2,7.8,7.4,7.0
56,442,1.0,33.33333333333333,7.0,9.0,8.0,8.0,9.0,40.0,10.0,0.0,45.0,0.0,5.0,5.833333333333333,7.833333333333333,8.333333333333334,6.166666666666667,7.833333333333333,5.0,6.5
57,444,1.0,0.0,8.0,7.0,8.0,9.0,7.0,50.0,10.0,10.0,30.0,0.0,0.0,8.833333333333334,7.0,8.166666666666666,7.833333333333333,9.166666666666666,6.166666666666667,7.666666666666667
58,445,1.0,33.33333333333333,9.0,8.0,10.0,7.0,7.0,40.0,12.0,18.0,12.0,6.0,12.0,7.4,8.0,8.4,8.2,8.6,8.0,7.8
59,447,1.0,0.0,6.0,10.0,7.0,6.0,4.0,15.0,30.0,25.0,20.0,0.0,10.0,6.5,8.5,8.0,7.5,7.0,2.5,7.0
60,448,1.0,60.0,8.0,9.0,9.0,8.0,10.0,25.0,15.0,25.0,25.0,5.0,5.0,8.0,6.0,7.4,7.4,9.0,6.6,5.8
61,449,1.0,0.0,7.0,10.0,10.0,10.0,8.0,55.0,2.0,1.0,40.0,1.0,1.0,7.0,7.0,7.0,7.0,4.0,3.0,6.0
62,450,1.0,40.0,9.0,6.0,10.0,7.0,10.0,50.0,5.0,5.0,5.0,5.0,30.0,5.5,7.333333333333333,8.333333333333334,7.166666666666667,8.5,6.666666666666667,6.333333333333333
63,451,1.0,0.0,2.0,4.0,4.0,4.0,4.0,20.0,40.0,5.0,20.0,5.0,10.0,3.5,6.5,8.0,5.0,7.5,2.5,5.0
64,452,1.0,0.0,7.0,8.0,10.0,7.0,8.0,35.0,30.0,25.0,5.0,0.0,5.0,5.5,7.5,8.5,8.0,8.5,2.5,5.5
65,453,1.0,0.0,5.0,6.0,8.0,7.0,5.0,30.0,30.0,30.0,5.0,0.0,5.0,3.5,8.0,8.0,6.0,6.5,1.5,3.5
66,454,0.0,0.0,8.0,9.0,9.0,9.0,7.0,10.0,20.0,20.0,20.0,10.0,20.0,5.0,10.0,8.0,8.0,7.0,7.0,9.0
67,455,0.0,0.0,7.0,9.0,8.0,9.0,8.0,10.0,25.0,20.0,16.0,20.0,9.0,5.333333333333333,8.666666666666666,7.0,5.666666666666667,6.333333333333333,6.333333333333333,5.666666666666667
68,456,0.0,0.0,8.0,8.0,7.0,6.0,7.0,25.0,20.0,15.0,10.0,15.0,15.0,7.0,5.666666666666667,6.666666666666667,6.666666666666667,7.666666666666667,5.666666666666667,6.0
69,457,0.0,0.0,7.0,6.0,8.0,7.0,3.0,25.0,0.0,25.0,25.0,0.0,25.0,5.0,9.0,6.666666666666667,6.666666666666667,4.666666666666667,4.333333333333333,6.333333333333333
70,458,0.0,66.66666666666666,10.0,10.0,10.0,9.0,10.0,50.0,5.0,25.0,20.0,0.0,0.0,6.333333333333333,6.0,7.0,6.666666666666667,7.333333333333333,6.0,6.0
71,459,0.0,0.0,5.0,5.0,5.0,5.0,8.0,30.0,10.0,10.0,30.0,10.0,10.0,6.666666666666667,6.666666666666667,7.0,6.333333333333333,7.0,6.0,6.333333333333333
72,460,1.0,0.0,8.0,8.0,9.0,7.0,7.0,20.0,10.0,20.0,15.0,15.0,20.0,9.0,9.0,9.0,9.0,9.0,9.0,9.0
73,462,1.0,20.0,4.0,9.0,8.0,6.0,2.0,30.0,30.0,10.0,10.0,0.0,20.0,3.6,8.2,6.6,4.2,6.4,4.0,4.0
74,463,1.0,0.0,6.0,7.0,8.0,7.0,7.0,15.0,15.0,15.0,15.0,15.0,25.0,5.6,8.2,8.2,6.2,7.2,4.2,6.4
75,464,1.0,20.0,5.0,8.0,9.0,8.0,10.0,15.0,15.0,15.0,20.0,15.0,20.0,6.8,7.0,8.0,7.8,7.4,5.4,6.8
76,466,0.0,0.0,7.0,9.0,8.0,7.0,8.0,10.0,20.0,20.0,15.0,20.0,15.0,7.166666666666667,7.666666666666667,7.666666666666667,7.5,6.5,5.5,6.666666666666667
77,467,0.0,66.66666666666666,8.0,8.0,8.0,8.0,8.0,20.0,20.0,20.0,20.0,20.0,0.0,8.0,7.5,7.666666666666667,7.333333333333333,7.666666666666667,7.166666666666667,7.5
78,468,0.0,50.0,8.0,9.0,8.0,6.0,8.0,15.0,25.0,15.0,15.0,15.0,15.0,8.5,7.5,8.5,7.5,7.5,3.0,8.0
79,469,0.0,25.0,8.0,8.0,6.0,8.0,6.0,20.0,10.0,20.0,20.0,10.0,20.0,7.0,7.333333333333333,8.0,6.333333333333333,6.0,6.0,6.666666666666667
80,470,0.0,25.0,4.0,9.0,8.0,5.0,6.0,10.0,20.0,25.0,25.0,10.0,10.0,7.5,6.75,8.5,6.5,8.0,4.25,6.0
81,471,0.0,0.0,7.0,8.0,9.0,8.0,9.0,15.0,15.0,25.0,10.0,15.0,20.0,6.0,5.333333333333333,7.0,6.666666666666667,6.333333333333333,4.666666666666667,5.666666666666667
82,472,0.0,0.0,8.0,10.0,8.0,10.0,9.0,10.0,25.0,25.0,20.0,10.0,10.0,5.0,7.0,7.0,6.5,7.0,5.5,4.5
83,473,0.0,25.0,7.0,9.0,10.0,8.0,7.0,15.0,20.0,20.0,15.0,15.0,15.0,5.5,6.75,7.25,5.25,6.75,5.5,5.75
84,474,0.0,0.0,9.0,9.0,8.0,10.0,7.0,15.0,20.0,10.0,30.0,5.0,20.0,10.0,10.0,10.0,10.0,10.0,9.0,10.0
85,475,0.0,0.0,5.0,8.0,7.0,5.0,7.0,10.0,15.0,30.0,10.0,15.0,20.0,5.0,6.5,5.5,5.0,6.0,5.0,6.0
86,476,0.0,0.0,7.0,9.0,7.0,5.0,6.0,20.0,20.0,20.0,15.0,15.0,10.0,6.666666666666667,7.833333333333333,6.666666666666667,6.666666666666667,6.0,4.666666666666667,5.833333333333333
87,477,0.0,0.0,6.0,8.0,7.0,7.0,7.0,16.0,19.0,16.0,17.0,15.0,17.0,4.5,5.5,6.0,6.0,5.5,7.5,6.5
88,478,0.0,20.0,7.0,8.0,8.0,9.0,7.0,20.0,20.0,10.0,20.0,10.0,20.0,7.5,7.333333333333333,8.0,7.333333333333333,8.166666666666666,7.5,7.666666666666667
89,479,0.0,0.0,8.0,8.0,8.0,8.0,8.0,15.0,15.0,20.0,20.0,15.0,15.0,7.333333333333333,7.166666666666667,7.5,6.666666666666667,7.166666666666667,6.166666666666667,6.5
90,480,0.0,33.33333333333333,8.0,9.0,8.0,10.0,7.0,16.0,18.0,18.0,20.0,12.0,16.0,8.0,8.2,8.2,7.8,7.2,7.6,7.4
91,481,1.0,16.66666666666666,8.0,7.0,9.0,8.0,5.0,25.0,20.0,15.0,20.0,5.0,15.0,6.333333333333333,7.0,6.583333333333333,5.333333333333333,5.5,4.666666666666667,5.666666666666667
92,482,1.0,20.0,7.0,10.0,8.0,9.0,8.0,20.0,10.0,22.0,20.0,15.0,13.0,6.5,7.75,7.75,6.75,8.75,5.75,6.25
93,483,1.0,0.0,8.0,10.0,10.0,10.0,10.0,40.0,20.0,20.0,20.0,0.0,0.0,5.0,5.8,5.8,6.2,5.2,5.0,4.8
94,484,1.0,33.33333333333333,4.0,8.0,9.0,2.0,9.0,16.0,16.0,20.0,16.0,16.0,16.0,4.5,6.25,7.5,4.25,5.0,4.0,5.25
95,485,1.0,0.0,8.0,8.0,8.0,7.0,7.0,20.0,15.0,20.0,15.0,15.0,15.0,4.0,9.0,8.0,6.0,6.0,8.0,6.0
96,486,1.0,0.0,7.0,10.0,9.0,8.0,9.0,20.0,20.0,20.0,15.0,10.0,15.0,4.666666666666667,5.333333333333333,7.0,5.0,7.0,6.333333333333333,5.666666666666667
97,487,1.0,0.0,7.0,9.0,8.0,6.0,5.0,25.0,26.0,15.0,10.0,9.0,15.0,4.25,8.25,8.25,4.5,5.5,3.75,5.0
98,488,1.0,25.0,5.0,10.0,10.0,7.0,8.0,15.0,20.0,20.0,20.0,5.0,20.0,5.25,5.5,5.75,6.25,6.75,5.25,5.75
99,489,1.0,50.0,6.0,8.0,9.0,8.0,10.0,20.0,10.0,20.0,20.0,20.0,0.0,7.166666666666667,7.333333333333333,7.333333333333333,6.833333333333333,7.166666666666667,5.666666666666667,6.5
100,490,1.0,16.66666666666666,3.0,7.0,8.0,6.0,6.0,30.0,15.0,20.0,10.0,10.0,15.0,3.25,7.5,7.25,6.25,6.5,4.5,4.5
101,491,1.0,0.0,7.0,7.0,7.0,7.0,7.0,30.0,10.0,25.0,20.0,8.0,7.0,7.333333333333333,5.0,8.0,8.333333333333334,8.0,6.333333333333333,6.333333333333333
102,492,1.0,100.0,10.0,10.0,10.0,10.0,10.0,30.0,0.0,30.0,30.0,10.0,0.0,9.0,8.0,8.0,8.0,8.0,8.0,7.0
103,493,1.0,33.33333333333333,7.0,7.0,8.0,8.0,8.0,30.0,10.0,10.0,30.0,10.0,10.0,6.25,8.0,5.75,6.25,5.5,6.0,6.5
104,494,1.0,0.0,9.0,10.0,10.0,10.0,7.0,25.0,25.0,25.0,25.0,0.0,0.0,5.0,7.6,7.8,6.8,6.8,6.0,6.4
105,495,1.0,0.0,7.0,7.0,8.0,7.0,9.0,20.0,20.0,20.0,15.0,15.0,10.0,4.0,7.0,7.0,7.0,7.0,6.0,5.0
106,496,0.0,0.0,5.0,8.0,9.0,6.0,8.0,20.0,30.0,20.0,20.0,10.0,0.0,7.0,8.0,7.0,6.5,6.5,7.0,7.5
107,497,0.0,0.0,8.0,10.0,9.0,10.0,8.0,10.0,20.0,20.0,20.0,20.0,10.0,6.0,6.5,6.5,7.0,6.5,5.5,5.5
108,498,0.0,0.0,8.0,9.0,9.0,10.0,10.0,18.0,18.0,18.0,18.0,18.0,10.0,6.5,7.0,7.0,6.5,6.0,5.5,6.5
109,499,0.0,50.0,9.0,10.0,10.0,9.0,4.0,19.0,19.0,19.0,19.0,5.0,19.0,6.0,8.0,7.5,6.5,7.0,5.0,7.0
110,501,0.0,50.0,8.0,9.0,9.0,8.0,9.0,30.0,10.0,20.0,10.0,10.0,20.0,6.0,7.0,5.5,6.0,5.5,6.5,6.0
111,503,1.0,0.0,7.0,9.0,10.0,4.0,5.0,30.0,30.0,40.0,0.0,0.0,0.0,2.5,6.25,8.0,4.75,7.5,3.0,5.0
112,504,1.0,50.0,7.0,5.0,8.0,6.0,8.0,30.0,0.0,30.0,15.0,15.0,10.0,7.25,7.5,8.0,6.75,6.75,4.75,6.75
114,508,1.0,0.0,7.0,8.0,9.0,8.0,8.0,18.0,10.0,18.0,18.0,18.0,18.0,5.0,5.0,7.0,6.0,7.0,4.0,3.0
115,509,0.0,25.0,5.0,6.0,8.0,4.0,9.0,10.0,20.0,30.0,10.0,10.0,20.0,5.6,7.4,8.0,6.8,8.4,6.6,7.0
116,511,0.0,14.28571428571428,8.0,4.0,8.0,10.0,8.0,20.0,10.0,10.0,30.0,15.0,15.0,5.714285714285714,7.285714285714286,8.0,6.0,7.428571428571429,5.857142857142857,5.857142857142857
117,512,0.0,11.11111111111111,7.0,8.0,7.0,8.0,7.0,20.0,20.0,20.0,20.0,5.0,15.0,7.625,6.25,6.25,6.875,6.125,4.5,6.875
118,513,0.0,41.66666666666667,6.0,8.0,6.0,7.0,4.0,20.0,20.0,20.0,20.0,5.0,15.0,7.923076923076923,6.076923076923077,6.230769230769231,7.6923076923076925,6.0,4.615384615384615,6.538461538461538
119,514,0.0,0.0,8.0,10.0,9.0,8.0,7.0,20.0,20.0,20.0,15.0,5.0,20.0,4.083333333333333,6.583333333333333,6.166666666666667,6.333333333333333,6.416666666666667,4.5,5.25
120,515,0.0,28.57142857142857,8.0,10.0,10.0,8.0,8.0,20.0,20.0,20.0,15.0,10.0,15.0,6.5,6.2,6.7,6.0,5.8,4.4,5.4
121,516,0.0,14.28571428571428,8.0,9.0,8.0,9.0,8.0,58.0,5.0,8.0,10.0,7.0,12.0,8.0,6.0,7.714285714285714,6.571428571428571,6.857142857142857,4.714285714285714,6.0
122,518,0.0,50.0,6.0,9.0,8.0,8.0,7.0,20.0,25.0,25.0,30.0,5.0,5.0,7.0,6.833333333333333,6.583333333333333,7.5,6.166666666666667,5.333333333333333,6.833333333333333
123,519,0.0,0.0,8.0,10.0,9.0,9.0,10.0,40.0,5.0,30.0,15.0,5.0,5.0,5.818181818181818,6.818181818181818,6.636363636363637,5.454545454545454,5.727272727272728,4.090909090909091,5.454545454545454
124,520,0.0,0.0,8.0,9.0,8.0,7.0,5.0,25.0,15.0,25.0,15.0,10.0,10.0,7.0,8.0,7.0,8.0,7.0,8.0,8.0
125,521,0.0,45.454545454545446,7.0,9.0,8.0,9.0,8.0,10.0,30.0,20.0,15.0,15.0,10.0,6.0,7.166666666666667,6.916666666666667,5.833333333333333,5.833333333333333,4.833333333333333,5.916666666666667
126,522,0.0,30.0,7.0,7.0,9.0,7.0,8.0,10.0,20.0,15.0,20.0,15.0,20.0,6.153846153846154,6.769230769230769,7.6923076923076925,6.538461538461538,6.923076923076923,5.153846153846154,6.153846153846154
127,523,0.0,33.33333333333333,6.0,9.0,9.0,8.0,6.0,10.0,25.0,20.0,20.0,5.0,20.0,4.571428571428571,7.285714285714286,7.285714285714286,5.714285714285714,6.285714285714286,6.857142857142857,5.571428571428571
128,524,0.0,42.85714285714285,5.0,9.0,8.0,7.0,7.0,15.0,20.0,25.0,20.0,10.0,10.0,6.285714285714286,8.571428571428571,8.428571428571429,7.857142857142857,7.714285714285714,5.571428571428571,6.285714285714286
129,525,0.0,0.0,6.0,10.0,10.0,8.0,9.0,10.0,15.0,30.0,20.0,15.0,10.0,4.5,6.7,5.9,5.8,5.2,3.9,4.5
130,527,0.0,0.0,10.0,10.0,10.0,10.0,10.0,50.0,20.0,10.0,5.0,10.0,5.0,5.0,6.0,5.0,7.0,5.0,6.0,6.0
131,529,0.0,25.0,6.0,10.0,7.0,9.0,5.0,10.0,25.0,25.0,10.0,10.0,20.0,4.0,7.714285714285714,7.714285714285714,6.0,6.857142857142857,5.714285714285714,5.142857142857143
132,530,0.0,14.28571428571428,3.0,9.0,9.0,9.0,7.0,20.0,20.0,10.0,15.0,5.0,30.0,4.428571428571429,8.0,7.857142857142857,5.0,6.0,4.428571428571429,4.285714285714286
133,531,1.0,14.28571428571428,10.0,10.0,10.0,6.0,10.0,15.0,30.0,20.0,20.0,10.0,5.0,4.714285714285714,6.714285714285714,7.142857142857143,6.0,6.285714285714286,5.285714285714286,5.428571428571429
134,532,1.0,42.85714285714285,7.0,9.0,8.0,7.0,8.0,25.0,20.0,20.0,20.0,5.0,10.0,3.8333333333333335,7.333333333333333,7.166666666666667,4.166666666666667,5.666666666666667,4.666666666666667,4.333333333333333
135,533,1.0,33.33333333333333,8.0,9.0,9.0,8.0,9.0,25.0,25.0,25.0,13.0,12.0,0.0,6.125,6.625,7.375,5.5,6.25,4.75,6.125
136,534,1.0,0.0,7.0,9.0,9.0,8.0,5.0,30.0,30.0,30.0,5.0,2.0,3.0,4.5,6.0,8.0,3.5,5.5,3.0,3.5
137,535,1.0,44.44444444444444,6.0,7.0,7.0,6.0,5.0,23.0,14.0,19.0,16.0,10.0,18.0,6.75,6.75,8.125,7.125,7.0,5.0,6.375
138,536,1.0,0.0,7.0,8.0,8.0,8.0,8.0,30.0,20.0,20.0,20.0,10.0,0.0,6.5,7.166666666666667,6.666666666666667,6.0,6.666666666666667,5.0,5.833333333333333
139,537,1.0,14.28571428571428,7.0,9.0,9.0,9.0,7.0,20.0,5.0,25.0,25.0,5.0,20.0,5.5,5.333333333333333,6.666666666666667,6.166666666666667,6.333333333333333,6.333333333333333,5.5
140,538,1.0,12.5,7.0,8.0,8.0,9.0,8.0,50.0,0.0,10.0,30.0,0.0,10.0,6.333333333333333,7.0,8.333333333333334,9.0,8.666666666666666,7.333333333333333,8.0
141,539,1.0,11.11111111111111,8.0,8.0,10.0,9.0,10.0,30.0,10.0,20.0,15.0,15.0,10.0,5.375,6.125,8.0,7.125,7.625,5.5,6.5
142,540,1.0,0.0,5.0,7.0,5.0,6.0,7.0,20.0,15.0,20.0,20.0,15.0,10.0,4.666666666666667,6.666666666666667,7.0,6.166666666666667,6.5,4.666666666666667,6.166666666666667
143,541,1.0,16.66666666666666,8.0,9.0,9.0,9.0,8.0,40.0,30.0,0.0,20.0,0.0,10.0,5.0,6.5,7.166666666666667,5.833333333333333,5.833333333333333,6.5,5.666666666666667
144,542,1.0,28.57142857142857,8.0,9.0,8.0,8.0,9.0,25.0,15.0,20.0,20.0,10.0,10.0,5.0,6.2,6.6,5.8,6.0,4.6,4.4
145,543,1.0,0.0,7.0,9.0,8.0,9.0,9.0,20.0,16.0,16.0,17.0,16.0,15.0,5.833333333333333,7.166666666666667,7.333333333333333,7.333333333333333,6.5,6.166666666666667,6.666666666666667
146,544,1.0,28.57142857142857,7.0,10.0,9.0,10.0,8.0,15.0,25.0,20.0,10.0,10.0,20.0,4.833333333333333,6.666666666666667,5.833333333333333,6.0,5.5,5.333333333333333,5.5
147,545,1.0,33.33333333333333,8.0,8.0,9.0,8.0,6.0,20.0,20.0,20.0,20.0,10.0,10.0,7.5,7.333333333333333,6.833333333333333,6.833333333333333,6.5,5.0,6.666666666666667
148,546,1.0,33.33333333333333,9.0,8.0,8.0,10.0,7.0,35.0,10.0,20.0,25.0,5.0,5.0,8.166666666666666,7.166666666666667,8.166666666666666,7.666666666666667,7.333333333333333,7.0,7.0
149,547,1.0,22.22222222222222,7.0,9.0,8.0,8.0,8.0,25.0,20.0,20.0,20.0,0.0,15.0,7.142857142857143,6.857142857142857,7.714285714285714,6.714285714285714,7.285714285714286,6.142857142857143,6.428571428571429
150,548,1.0,25.0,10.0,10.0,10.0,10.0,10.0,40.0,10.0,20.0,10.0,0.0,20.0,7.0,6.166666666666667,6.666666666666667,6.333333333333333,6.5,5.333333333333333,6.833333333333333
151,549,1.0,22.22222222222222,7.0,10.0,9.0,8.0,9.0,20.0,20.0,20.0,20.0,0.0,20.0,7.333333333333333,7.333333333333333,7.0,6.166666666666667,6.5,5.666666666666667,5.666666666666667
152,550,1.0,33.33333333333333,7.0,7.0,7.0,7.0,7.0,30.0,3.0,30.0,30.0,3.0,4.0,6.375,7.75,7.875,6.25,7.125,5.125,5.625
153,552,1.0,20.0,8.0,7.0,7.0,6.0,7.0,70.0,0.0,15.0,15.0,0.0,0.0,8.142857142857142,7.285714285714286,7.0,6.857142857142857,6.714285714285714,6.142857142857143,6.857142857142857
